0.5289069203241119,0.5310045496653699,0.0625,0.0625,0
0.5138606598135389,0.5308280077331308,0.06580486003985006,0.16422824652319035,0
0.6054066385593798,0.53422519217948,0.0625,0.0625,1
0.5681253697608207,0.5645416675643019,0.06998878136984966,0.23480426931689968,1
0.5167413225838049,0.4709316441341715,0.0625,0.0625,0
0.6151309601672946,0.4978682312672797,0.0625,0.0625,0
0.47482646634155123,0.5190704017340413,0.42498611234060235,0.3588961755572865,0
0.4952004568840552,0.606938271270054,0.0625,0.0625,0
0.48185080782402856,0.4632031991874124,0.28797023487701856,0.27655861155444794,1
0.40793980041846595,0.4464994535868235,0.0625,0.0625,0
0.6226086878453565,0.5954775559939967,0.0625,0.0625,0
0.5168382753145393,0.4956800045749974,0.07025742854794906,0.10306787385142166,0
0.3877114217966138,0.511691370393474,0.11855831468356363,0.10817372531033817,1
0.4971175597364148,0.5108789158195448,0.20399610127841272,0.27651639476942835,0
0.5018302002026005,0.5247487733479594,0.1794000559698714,0.14736334684508048,0
0.48099097140493274,0.45038482532210783,0.2489161644422959,0.3031534260709867,1
0.531230124171852,0.5201933865083306,0.0625,0.0625,0
0.5274565790781287,0.510431054672041,0.0625,0.0625,0
0.507014695859278,0.5010407645647924,0.17510011046697233,0.0654630048447591,1
0.5238236102856009,0.5143775709808147,0.11211604434937109,0.13897272922274329,0
0.4764023327452055,0.47732024246547333,0.0625,0.0625,0
0.3529641361881325,0.48774746239814426,0.33900855368458466,0.17257197819462405,1
0.5144005994344987,0.5172683344285265,0.0625,0.0625,0
0.5646383988813567,0.3696859277678666,0.0625,0.0625,1
0.5271044873087865,0.4127044334322011,0.0625,0.0625,0
0.5781119402370737,0.4780137732583812,0.0625,0.0625,0
0.48850438432263965,0.47901076227988715,0.24612599122486195,0.35104436663481825,1
0.517416027235902,0.5089051908860693,0.16903177980208928,0.09021373760765458,0
0.5170651588163493,0.49659262636982743,0.0625,0.0625,0
0.5015633542951379,0.5281019930982642,0.06838778806723006,0.10682215374094389,1
0.4689934570760232,0.48598975189244453,0.0625,0.0625,0
0.5171187122725776,0.5038473858462615,0.0625,0.0625,0
0.4170484521396203,0.4096437393678995,0.3410209351043347,0.3258262424097128,1
0.5307505502619694,0.5111413591620204,0.0625,0.0625,0
0.5201933896558476,0.503279917927165,0.12146619404919339,0.0981538475816882,0
0.6530627320681166,0.42753766811279303,0.0625,0.0625,1
0.5229158979585953,0.49745474624967184,0.10800179487524447,0.172368659426418,1
0.49677273675585837,0.42839179299781455,0.0625,0.0625,0
0.6396743710609996,0.5525516218292355,0.0625,0.0625,0
0.4084505446062554,0.4647558508858606,0.3844198068105322,0.18506511358876848,0
0.3909082365271726,0.5928098114944215,0.0625,0.0625,0
0.4046410118262767,0.45792586568467847,0.4155213594863198,0.30259682983998104,1
0.4681362253153215,0.43728134273398356,0.0625,0.0625,0
0.4758412442715574,0.41981101669253296,0.0625,0.0625,0
0.5105606668153932,0.5312040024510297,0.1453097059770962,0.15854955126467934,0
0.48689523809811125,0.512298362527562,0.2126273982619206,0.1950445847155099,1
0.505994918479397,0.511491501945829,0.25039999235012034,0.3893032118845936,0
0.5150511572826587,0.4368178786381824,0.3115457009000058,0.18459960490617644,0
0.45516695824868614,0.41795205679923014,0.16065855907781998,0.08176119812987982,1
0.5137394201911788,0.5228065164733343,0.0625,0.0625,0
0.5173779084734368,0.5214146545228178,0.0625,0.0625,0
0.5250277371095968,0.49844158047668735,0.1635272467229293,0.09568745104300472,1
0.36309490060837274,0.5089069094710796,0.4022921705739569,0.23032847229461667,0
0.5040267053914416,0.49623188948510877,0.0625,0.0625,0
0.30904687318388413,0.4057434895724583,0.2080890017613186,0.3767201962617774,1
0.5196687440214085,0.5260893955074735,0.0625,0.0625,0
0.6670782419705081,0.5198898493555792,0.0625,0.0625,1
0.5119990370330221,0.4981033719926626,0.0625,0.0625,0
0.4802757352277916,0.47121883107114826,0.0625,0.0625,0
0.4145081451402553,0.35988804587569456,0.3515508161099152,0.2549836014327824,1
0.5102578071779412,0.5277557722648339,0.12357813509560014,0.06357848979863195,0
0.5304064501657886,0.5246394228641669,0.0625,0.0625,0
0.5307867248998666,0.4878025235078149,0.0737237135578131,0.07195304668940722,1
0.49173252556092734,0.4194310217515773,0.0625,0.0625,0
0.5140703067651465,0.5290260319436688,0.0625,0.0625,0
0.49863693781088725,0.4331693240216671,0.22157293630573874,0.21037073408605675,1
0.5018194101358748,0.5312015154746722,0.0625,0.0625,0
0.5284841722006666,0.531207054172433,0.168114903940424,0.15352478953679044,0
0.4608475640095631,0.2135147392076208,0.0625,0.0625,1
0.5954367827439155,0.44668452489319893,0.07356133479274878,0.19760896399637945,1
0.49388905217809764,0.5096059860993387,0.0625,0.0625,0
0.6621965415281826,0.6554676615953449,0.0625,0.0625,0
0.48193947275177246,0.5085380228680075,0.22402307180237974,0.15115159984608154,0
0.5058506082749419,0.4767723434361011,0.0625,0.0625,0
0.3677666856605609,0.4797570824688805,0.1667016601046739,0.23259975929871746,1
0.45108696646565966,0.6043170802372737,0.0625,0.0625,0
0.6478066447255647,0.6370013612073921,0.0625,0.0625,0
0.5308740918164835,0.5008502245815811,0.18724420093014732,0.19372052257033928,0
0.5411662468858305,0.3956249538453283,0.16308609798220403,0.22112353865846254,1
0.5272656543132728,0.5187146598829129,0.18576943346736838,0.18704215486607526,0
0.5052430852616466,0.5168625317905309,0.147073850076758,0.22288038638002394,0
0.48612020027530656,0.45281846162192757,0.13153509025224694,0.22813088250755453,1
0.5290022385053725,0.5262665658320876,0.0625,0.0625,0
0.5136901567929704,0.5261701374313672,0.0625,0.0625,0
0.49792127633489486,0.47725853049991895,0.21790686759988703,0.18437364346535606,1
0.5226930913479191,0.3664413558984254,0.17223993270678933,0.4267008820348484,0
0.516470783549549,0.49696750956481717,0.0625,0.0625,0
0.46640888206550707,0.44620496346567046,0.23516279713684252,0.24803343681390808,1
0.5310048493090302,0.5108587454538567,0.0625,0.0625,0
0.45581470336754787,0.4704609366523979,0.0625,0.0625,1
0.4472427758212819,0.5257585235718326,0.0625,0.0625,0
0.49552797931326875,0.5107110783888806,0.0625,0.0625,0
0.455748439543601,0.41524153516297924,0.21752645690695524,0.3438029163524636,1
0.5234787272156038,0.5263928474705492,0.13780377135876715,0.10105220005110377,0
0.5103415765557349,0.5159153701545697,0.0625,0.0625,0
0.5180902633406674,0.4853300323587109,0.07812524785347913,0.06485585528804326,1
0.5112320696571718,0.4654391170946087,0.0625,0.0625,0
0.5037206381579651,0.5177281684073896,0.0625,0.0625,0
0.46596261300993164,0.46857129713227996,0.29129473826532193,0.15341708676243912,1
0.5309972049642693,0.5236767259892888,0.0625,0.0625,0
0.5311740354729129,0.5179887285861768,0.2127619139527102,0.11877149031142797,0
0.5580380182896845,0.39908719966783934,0.0625,0.0625,1
0.5779135073969826,0.46079933667468925,0.08849864779697403,0.19434252143383174,1
0.4146615034466798,0.4746238367255457,0.0625,0.0625,0
0.6279256583056884,0.3811370693080859,0.0625,0.0625,0
0.48983380412523064,0.5261081093651676,0.23663728204056972,0.1924892104522703,0
0.414080133249845,0.5105111116181882,0.0625,0.0625,0
0.6384931925622402,0.48609451252096325,0.18915527923304082,0.4095917072309112,1
0.3270406768836036,0.6237883941315718,0.0625,0.0625,0
0.6158777258699697,0.6065085596125649,0.0625,0.0625,0
0.5264194874355408,0.5263838740489555,0.20312697960447784,0.19315233317574443,0
0.5354551703882613,0.47027599850717955,0.13534442509600014,0.11846417614525478,1
0.5204479567836865,0.4892358715973377,0.2807385186319696,0.12030443896542695,0
0.4956222029365757,0.5084615055294929,0.16004860479375743,0.16783976845349052,0
0.42028976363306136,0.4695405533020828,0.14904859566790335,0.09731862500496546,1
0.5300200632355625,0.5286308608390813,0.0625,0.0625,0
0.5063724128404032,0.5309501159150889,0.0625,0.0625,0
0.5115864985549833,0.5099676821549952,0.19740109503304726,0.1744684390467642,1
0.5104080202250241,0.4065872105816033,0.19194058079199608,0.3118399898705815,0
0.39949786972218104,0.46648473499883897,0.0625,0.0625,0
0.49469589484410836,0.4072503732410942,0.09192702086925236,0.11690135327269835,1
0.5155317457658573,0.5015835369848947,0.0625,0.0625,0
0.42952142185692344,0.6329226047312398,0.0625,0.0625,1
0.47514438269769704,0.5271107983249257,0.0625,0.0625,0
0.33791568713053377,0.5550455928049985,0.0625,0.0625,0
0.5076489717124146,0.4086916868731383,0.1762807211575167,0.28647429434783783,1
0.5027071914853238,0.5224205292484241,0.1868786118889652,0.17696766598007363,0
0.5242079310780312,0.5312454447795816,0.0625,0.0625,0
0.5260168380528141,0.5089774860314406,0.06602508676586713,0.09964922679157762,1
0.4940606719955046,0.5292829166621354,0.0625,0.0625,0
0.515085674118371,0.5309631115257938,0.0625,0.0625,0
0.46149396853869556,0.4911885169097496,0.25988384382502117,0.23079852885298346,1
0.5178052978164411,0.5158249713569133,0.0625,0.0625,0
0.5192101132134443,0.5160080377554626,0.2182306367942558,0.16935713733428753,0
0.5180172746615287,0.4759880324489556,0.0625,0.0625,1
0.4455975737753502,0.629041972070795,0.1471209568872615,0.06829474947466038,1
0.5265859070476351,0.5185563659284353,0.0625,0.0625,0
0.5463308707090914,0.6526142156593466,0.0625,0.0625,0
0.5266014357966086,0.47300293508829994,0.3083330515540461,0.2611862264515711,0
0.5268608140223607,0.6364510719210277,0.0625,0.0625,0
0.5790773510797443,0.5450797701575956,0.22407150986246482,0.4915019970440015,1
0.3538201828450688,0.4970122890907182,0.0625,0.0625,0
0.4239606732629454,0.6702010673368751,0.0625,0.0625,0
0.5139074114885533,0.5168466684390354,0.23134951630521222,0.23404717942106998,0
0.5413171149254938,0.4997311960907368,0.3121099832181154,0.1981001196251764,1
0.46873774029156823,0.5231507922709832,0.19918988635462148,0.3853219305167305,0
0.4826952659923711,0.522310763752368,0.27541193098532746,0.20452629716912468,0
0.32248222201013954,0.511198845050638,0.15887432947824429,0.2016616678894842,1
0.5305604279348584,0.5184439429364047,0.0625,0.0625,0
0.5308733671070176,0.508522287366862,0.0625,0.0625,0
0.5209755389212821,0.5185541420751343,0.19850193344037342,0.1838032673521956,1
0.5232138117760397,0.41637324520534047,0.29521900963338754,0.24169412381203328,0
0.5298833849309204,0.3815949306153479,0.0625,0.0625,0
0.4319146792875975,0.4827039779186382,0.1831617020647277,0.24530030044970727,1
0.5196667165033211,0.5285412813039005,0.0625,0.0625,0
0.6010986530311713,0.5410178799133085,0.0625,0.0625,1
0.48742761620642805,0.516778407044224,0.0625,0.0625,0
0.4363117905474303,0.42698380324169144,0.0625,0.0625,0
0.5132111185096904,0.2852861835972132,0.17275722561731643,0.309632798441684,1
0.5291065404422197,0.5146687568467532,0.12934281174087958,0.20186135773446753,0
0.5153230453271935,0.5289562434541231,0.0625,0.0625,0
0.528007603259809,0.523892232733463,0.10156040749473752,0.11432836998858573,1
0.3985149817171749,0.4535156838655211,0.0625,0.0625,0
0.5293881005695067,0.3597224915623025,0.0625,0.0625,0
0.4600566469617711,0.4866037319544031,0.27390646239601624,0.12285654620435679,1
0.5148819837221711,0.5302327736081539,0.0625,0.0625,0
0.5064161819258524,0.5198821343906891,0.20578005234008986,0.136316838336849,0
0.4691395017568719,0.5707757916479478,0.0625,0.0625,1
0.6489597405086409,0.5487364516435351,0.10779567250483815,0.13866075069771916,1
0.48564760480073016,0.5238035680601327,0.0625,0.0625,0
0.44015288808512,0.5757658113856176,0.0625,0.0625,0
0.508851600130164,0.46578929505803873,0.2952442049332108,0.2151276524505531,0
0.5882789685736077,0.5236611363847652,0.0625,0.0625,0
0.5102966083030889,0.3971645678607985,0.4794179428286517,0.378915467688585,1
0.5488670531605959,0.6221297388777155,0.0625,0.0625,0
0.4879303174742573,0.401996575818772,0.0625,0.0625,0
0.5099741339647339,0.5289830051514225,0.10927962685896853,0.15595272682203754,0
0.4405357242539674,0.538725397307074,0.20500233177607813,0.08885803706008547,1
0.5234223895932714,0.4063751540563751,0.1903891033848716,0.22952470454230747,0
0.5003803183071922,0.5198009715823214,0.24730930233463289,0.15891385851229628,0
0.4130491609644253,0.28068947974312475,0.17009523273133398,0.2441314935169615,1
0.5296301431414068,0.5094433254350729,0.0625,0.0625,0
0.5311872098754008,0.5262277936444709,0.0625,0.0625,0
0.4943934517436235,0.5300993552388936,0.1416784550819405,0.17788323451127622,1
0.45894070283290017,0.5112173353718679,0.16895406179698333,0.38404997035457267,0
0.4927759066920949,0.5037250995179016,0.0625,0.0625,0
0.3955526881465894,0.5214027826712433,0.15535178902254537,0.18048354299179098,1
0.5305240097113602,0.5052968765522328,0.0625,0.0625,0
0.302340105435508,0.5901877379583085,0.0625,0.0625,1
0.47132486869231527,0.516587054844188,0.0625,0.0625,0
0.6368068640473936,0.40027891819574696,0.0625,0.0625,0
0.45308661554936136,0.45298721063948155,0.16603817258864517,0.20258089644485458,1
0.5276047500426541,0.5035646336170965,0.23124246090335862,0.1529129191218958,0
0.5273161700834839,0.5001158145937082,0.0625,0.0625,0
0.4996186443230681,0.5135716535996062,0.0926883532108238,0.06544713897504978,1
0.5250671787224377,0.5207645452528096,0.0625,0.0625,0
0.522398152048502,0.4919583195865302,0.0625,0.0625,0
0.2951490130694294,0.21078738834706495,0.3247604622291532,0.21147324547230148,1
0.5310624169310321,0.5012281915854558,0.0625,0.0625,0
0.5219947655058375,0.5292849007074523,0.2079988400102311,0.13099201111560232,0
0.6013658390700584,0.4263996709834719,0.0625,0.0625,1
0.5908436829945879,0.6032760150048301,0.16403063240721122,0.08749106543405229,1
0.4387991531335007,0.49049988787625426,0.0625,0.0625,0
0.635767977302021,0.3628263993491136,0.0625,0.0625,0
0.507924103013154,0.5086927711654807,0.15867450354255386,0.16697234203520714,0
0.589445644680505,0.5585524574555244,0.0625,0.0625,0
0.29975209655802915,0.39006248749379746,0.3053052012241264,0.40630677333653054,1
0.4790514326028154,0.6556508116497707,0.0625,0.0625,0
0.5653277739982008,0.6560172620758484,0.0625,0.0625,0
0.49580791534017804,0.4979828553319853,0.09982766709944221,0.13807323066899024,0
0.5103473202310107,0.5126919072863186,0.33235636576658173,0.19356598244431447,1
0.4849001901723249,0.4991245258927283,0.1842418307503574,0.36489255659991565,0
0.5102748686608086,0.4545215145354586,0.10924744882716647,0.3545657039780375,0
0.5066285065511797,0.3630244598565737,0.14584909269473775,0.10416451143673897,1
0.524200575325434,0.5232066429195998,0.0625,0.0625,0
0.5172285122200388,0.5056103613476908,0.0625,0.0625,0
0.5071872650431796,0.4956106552553256,0.2126507126246179,0.21389429683905192,1
0.45648734130396224,0.527310121971095,0.15467113323484916,0.16088797557101925,0
0.49484085259581045,0.5027953724085255,0.0625,0.0625,0
0.5075293847486751,0.34931153241947804,0.24460041441284855,0.12490651082787066,1
0.5220937383671387,0.5310696970859976,0.0625,0.0625,0
0.5717814384516964,0.47774115842945236,0.0625,0.0625,1
0.5199303785728876,0.3864990532183428,0.0625,0.0625,0
0.5672583512706145,0.46920951489605833,0.0625,0.0625,0
0.34560672364573786,0.42072431460117804,0.16096033817396604,0.26387977408476737,1
0.5130194905731773,0.5229515612825243,0.2310265487673198,0.1822440810409754,0
0.49812378164883664,0.5306376948565423,0.0625,0.0625,0
0.5288497098989757,0.43842396726563626,0.08054958498463546,0.09821659973382528,1
0.5004572549798438,0.5166360319184851,0.0625,0.0625,0
0.5276329520366747,0.5178091745478698,0.0625,0.0625,0
0.44709379723156895,0.4774478384396444,0.23039785272897162,0.25260459035209015,1
0.5229131393317612,0.515706318819501,0.0625,0.0625,0
0.526305746628015,0.5092113734670898,0.16492203080473467,0.20159234767537948,0
0.36132490985918,0.4752121115865229,0.0625,0.0625,1
0.3111242303968146,0.5674951698140389,0.13196084329043678,0.09007096854642795,1
0.4579891704276736,0.49147061265431563,0.0625,0.0625,0
0.4641147796733406,0.5463976079103456,0.0625,0.0625,0
0.5140384700316147,0.5219633884347674,0.44000532878552806,0.23344793197789182,0
0.5009111052933115,0.36803821636441314,0.0625,0.0625,0
0.5227708515558203,0.5761544743941958,0.12831497693789773,0.3042080074459098,1
0.43545998684043813,0.5033866843479973,0.0625,0.0625,0
0.644003372187484,0.5127097263823129,0.0625,0.0625,0
0.5115319881946608,0.5148581922080577,0.17101084920766807,0.18761748649293197,0
0.5318387684830248,0.5091617722467484,0.13767142104740202,0.31154897674497084,1
0.3202993532485129,0.5302271036631474,0.26236357337144645,0.20447302695068825,0
0.5262982330109786,0.5091096441376575,0.1661699711711929,0.3731337674554461,0
0.33004945741217145,0.5072075890520482,0.08481262572853529,0.159586209091421,1
0.521350899341701,0.5286338559073264,0.0625,0.0625,0
0.5020324313181493,0.5278799110166055,0.0625,0.0625,0
0.5169765262893411,0.4425170435291279,0.09767878899727304,0.07750947655991058,1
0.39677481654622354,0.430080537270782,0.21367365445194816,0.18281368783221477,0
0.5177836039035919,0.5072572954798401,0.0625,0.0625,0
0.45342233460087406,0.35939135218758245,0.2874186595373938,0.24078084831582947,1
0.5138255171821511,0.5297567372346548,0.0625,0.0625,0
0.6119468321977,0.4080202121083671,0.0625,0.0625,1
0.5036480943297721,0.447823018167084,0.0625,0.0625,0
0.48654172323895445,0.4824772340393599,0.0625,0.0625,0
0.4206013926892981,0.3400107334028306,0.33323560634495214,0.12486049524075596,1
0.5058560129067274,0.5165668834350867,0.1865848518864061,0.20641870272219218,0
0.5239545235291977,0.5258334063493861,0.0625,0.0625,0
0.5173180450159816,0.45096785956303587,0.11888072231496338,0.14605594808086064,1
0.46333722556859913,0.3671431683522695,0.0625,0.0625,0
0.3890479878063425,0.49491076185456445,0.0625,0.0625,0
0.47147955851743906,0.4185610910915943,0.2443372284600306,0.1561467915355821,1
0.5061170962500895,0.5044211458442618,0.0625,0.0625,0
0.4997880487893017,0.5311335905800063,0.15561499574331905,0.14519401905117094,0
0.5850174483948702,0.4615222542034798,0.0625,0.0625,1
0.513689598647178,0.6194694008126871,0.11229371172046741,0.08951222481173511,1
0.4321628874231754,0.5058709861587909,0.0625,0.0625,0
0.6595003313900194,0.6475057720090257,0.0625,0.0625,0
0.5291595757634561,0.345397331273767,0.22736896914029622,0.21986183290277717,0
0.3185700280519797,0.6216798683675268,0.0625,0.0625,0
0.5108247434696991,0.4411525406718669,0.5647818208689875,0.39444113863864094,1
0.5431341086391313,0.6439602564649634,0.0625,0.0625,0
0.553566124816851,0.3763583560427449,0.0625,0.0625,0
0.5154059002889152,0.5296059664948911,0.11555088528200225,0.18432826636960611,0
0.5155431506400268,0.4933056143955002,0.17885027659925137,0.18150173281065896,1
0.518825721512695,0.5203822976273523,0.1671359047314619,0.19631569080759648,0
0.528558471517101,0.5176082673565492,0.23310832146549576,0.17935746142857117,0
0.4985582349008492,0.3039440922493697,0.11310336697944581,0.08286453499469984,1
0.5125038284051977,0.5232134152498364,0.0625,0.0625,0
0.5270082228614186,0.5232948356328702,0.0625,0.0625,0
0.5216191121024711,0.484720556275814,0.11322961363040189,0.11353915797770311,1
0.529917143344067,0.49522552796432934,0.18652803232373727,0.2738220910077506,0
0.5149737545002447,0.501380248524455,0.0625,0.0625,0
0.45486417473911994,0.47109341461137344,0.11067520648562798,0.21668237895195133,1
0.5311116008705794,0.5282578253222934,0.0625,0.0625,0
0.4937092315144993,0.6565169149426021,0.0625,0.0625,1
0.5183259381038852,0.5073086849620305,0.0625,0.0625,0
0.5638620837692854,0.6322196747374493,0.0625,0.0625,0
0.4909432731681674,0.4935814211465879,0.2045793163467106,0.14858539779034335,1
0.5125553553749894,0.5049859291700115,0.21320782376372388,0.10371175313554035,0
0.5291920137122526,0.5262191324241291,0.0625,0.0625,0
0.47276036804088895,0.4945595513933871,0.07776130981137885,0.07143692158526761,1
0.5297652095438413,0.5110862073066469,0.0625,0.0625,0
0.4572403445470795,0.5157733833814908,0.0625,0.0625,0
0.4565175280213838,0.4587039981431867,0.2657769022543559,0.2419969524025153,1
0.517217129447854,0.5303947452208528,0.0625,0.0625,0
0.5279631022751539,0.5306649105479934,0.17268608570288702,0.11282214301180418,0
0.563942250927489,0.45437561310804175,0.0625,0.0625,1
0.6070212980103652,0.38709007480599655,0.1919887209908525,0.21480696136193086,1
0.5102214417673101,0.45027946658102963,0.0625,0.0625,0
0.43858074615898646,0.46781269465147307,0.0625,0.0625,0
0.49353568129203806,0.49649361244052004,0.139316632240572,0.21098761387188905,0
0.40207664796266296,0.5592500573971122,0.0625,0.0625,0
0.569799134348673,0.5046834181358011,0.1303168843497933,0.3466916591687992,1
0.5907199915601681,0.5093828382579974,0.0625,0.0625,0
0.47702941647733377,0.46638261328588926,0.0625,0.0625,0
0.5159174284451816,0.5066598309662986,0.15430692811389718,0.12685742822308896,0
0.5097726578307419,0.484165995484272,0.19114590695656197,0.1036027708558955,1
0.4993972357695528,0.5091965498101032,0.33493305355276476,0.3719805603887041,0
0.4882415861235463,0.4981487341341313,0.16474755739908603,0.20740131679725154,0
0.4847360512028266,0.4480854640193482,0.2461842924189194,0.21721291287623418,1
0.5306864374593798,0.5283218949437656,0.0625,0.0625,0
0.5283277576997166,0.5305430236161005,0.0625,0.0625,0
0.5009791862530866,0.49759757719725217,0.0922735098069076,0.14176492062518148,1
0.5058265076001588,0.5062710123454421,0.28480208597602275,0.19836740595499042,0
0.50765125701035,0.5028875263792566,0.0625,0.0625,0
0.35871206665601924,0.3649676749417635,0.22588131482020138,0.1808178544912763,1
0.5170310768020505,0.5265222964241589,0.0625,0.0625,0
0.5444689896841471,0.31941870711493603,0.0625,0.0625,1
0.5246420820832152,0.5311857185077157,0.0625,0.0625,0
0.5415989518719897,0.6258064499774546,0.0625,0.0625,0
0.4348904025612783,0.162129461310725,0.3546668698230817,0.21584154214837295,1
0.5265939575278671,0.5310488607902066,0.16822775902907988,0.074015215446509,0
0.5210285112210239,0.5147463866906414,0.0625,0.0625,0
0.4968540415430189,0.44228725718986367,0.06263382928639444,0.07665819215139735,1
0.5106700143777565,0.5188824530116123,0.0625,0.0625,0
0.3448339509085332,0.5135802922609147,0.0625,0.0625,0
0.4592950268973504,0.4885621697865625,0.18926278012473813,0.20955688522088184,1
0.5305619899870619,0.5179512456942906,0.0625,0.0625,0
0.5028395821038438,0.5214686313526462,0.1756265571788257,0.22397925543310007,0
0.48113532564300426,0.44871778029425796,0.0625,0.0625,1
0.6518280362754758,0.5176880512396844,0.17105347614330313,0.09549777141409485,1
0.5234890827895899,0.5082282602675912,0.0625,0.0625,0
0.6039505035595758,0.42418695399258755,0.0625,0.0625,0
0.4818148672894989,0.49119068365975105,0.13237110563756233,0.3582286139190113,0
0.6411510334275595,0.5698335026692795,0.0625,0.0625,0
0.3852638862431225,0.5269715238633765,0.16874977491441753,0.18571052032471225,1
0.4735967101769031,0.4872415553760644,0.0625,0.0625,0
0.5446395482000708,0.579541821602147,0.0625,0.0625,0
0.5085180558810856,0.5204294550306325,0.17672419991787117,0.19800612874219145,0
0.535509336153682,0.5301480525659216,0.16120738627165548,0.17508812364406057,1
0.4473400537370858,0.5261801237026421,0.11753463343721199,0.2508328846727188,0
0.5294735668620069,0.48532483514500946,0.3047356457048571,0.10628857451278395,0
0.4475345671399772,0.3365756078322077,0.19929004403624717,0.3870019119790123,1
0.5293719037411786,0.5255950640863716,0.0625,0.0625,0
0.5295402951869547,0.5308912007187531,0.0625,0.0625,0
0.49553120580497234,0.511553857189285,0.20161544326100908,0.1430694482426852,1
0.5219327201015973,0.5037505977653435,0.2664623795175469,0.16744197715832088,0
0.5157720577252277,0.5081686093216913,0.0625,0.0625,0
0.46427390060350493,0.41309127531962553,0.25814163283105274,0.32840678549679675,1
0.5026162226468226,0.5199435372791907,0.0625,0.0625,0
0.3666105959303638,0.5358733971696008,0.0625,0.0625,1
0.5191001604425212,0.5159613678966993,0.0625,0.0625,0
0.39846284114177716,0.5223229712903126,0.0625,0.0625,0
0.4549418120675316,0.3465744426728893,0.20234363043611844,0.3867111765954552,1
0.5241513136484617,0.5095233521370282,0.07139616726921776,0.20936614418725918,0
0.5102368707730713,0.5272080999860115,0.0625,0.0625,0
0.4791716830216983,0.5042097799664929,0.1215537703143439,0.08222006444289026,1
0.5190644915299747,0.3891759531837156,0.0625,0.0625,0
0.4378564680524336,0.5289604600884532,0.0625,0.0625,0
0.46119296109880414,0.3895993475595279,0.3328190782558452,0.22523724432876183,1
0.4991183179221725,0.5083766806077985,0.0625,0.0625,0
0.49615869972897203,0.5145344943099286,0.17207446468740895,0.2321147895635915,0
0.573168576986082,0.5899198834570145,0.0625,0.0625,1
0.35842174598114435,0.4744608510416846,0.11994204630221698,0.19154777693385447,1
0.5221324155646492,0.31364345861730236,0.0625,0.0625,0
0.48181607171071084,0.6310954253792508,0.0625,0.0625,0
0.46559716186902395,0.5066879968094378,0.2475412214597789,0.23483870343951005,0
0.5235189498641608,0.43945561721148646,0.0625,0.0625,0
0.42409017310457364,0.38657204767176134,0.3249793966293997,0.11410623475982959,1
0.564421435826117,0.539203332505994,0.0625,0.0625,0
0.518145384060518,0.4238763579560281,0.0625,0.0625,0
0.5204107862086749,0.5142843487129234,0.13381238312684796,0.07707506178309405,0
0.507656572802959,0.5135827817368557,0.2521058790679133,0.20814838697604662,1
0.5193685891787336,0.5173010218112286,0.36086416790327264,0.41513417729149793,0
0.5160859377202844,0.47808048087144145,0.2854594974055739,0.40188609433029876,0
0.33491941929039387,0.5144026718129266,0.1598904193144877,0.2572844317449745,1
0.5261593774618485,0.5023820979221516,0.0625,0.0625,0
0.5167923007191653,0.5140697045414804,0.0625,0.0625,0
0.5171452993676711,0.44364680144322244,0.14360123389376905,0.14302795340256408,1
0.43717097437832264,0.5264092420820998,0.34353707144932644,0.22142064980220622,0
0.48516393515790135,0.524734945740254,0.0625,0.0625,0
0.4531770313050985,0.5265731141083267,0.2601237657586505,0.16276393396368766,1
0.5290896439342311,0.5312468619265942,0.0625,0.0625,0
0.5880274236040067,0.42866636467520924,0.0625,0.0625,1
0.5084615789313702,0.5130406748555782,0.0625,0.0625,0
0.45643328198211114,0.5673479367332701,0.0625,0.0625,0
0.4457471697473744,0.4540027521738802,0.2003912330141008,0.09592673701719816,1
0.5089092640603069,0.5209509867109533,0.15578402552857357,0.18538366667418454,0
0.49835588644944995,0.5311656145201668,0.0625,0.0625,0
0.4826614710275528,0.4974676290186498,0.10399711076142741,0.12815303440950196,1
0.47600935355004376,0.5129057106722865,0.0625,0.0625,0
0.5128003897705422,0.49742187118616166,0.0625,0.0625,0
0.3929418637166846,0.2540978794021048,0.21299593208620582,0.1820617714677385,1
0.5311463424706208,0.5186029278815025,0.0625,0.0625,0
0.5263726808846999,0.5236874601410307,0.11804509883986523,0.09332841787326833,0
0.31683523331346974,0.6656703419680977,0.0625,0.0625,1
0.3150706406734109,0.5162976479074333,0.11220550327929141,0.21227070241932922,1
0.4988068404447934,0.5214051141202622,0.0625,0.0625,0
0.395235088778748,0.5614042245659069,0.0625,0.0625,0
0.4741269775464485,0.463824180286998,0.2496673835992212,0.3078944415444116,0
0.5899942875372263,0.6657750876929929,0.0625,0.0625,0
0.5577870689396146,0.517161622279054,0.33298483237175197,0.26483651742721376,1
0.5106303871437659,0.4065158401903099,0.0625,0.0625,0
0.5741681475909645,0.5796734068796128,0.0625,0.0625,0
0.518525181167229,0.5253964975179938,0.0997729249573793,0.17032391042979322,0
0.4770014422975115,0.553473495507588,0.2619255506273485,0.17356378053786448,1
0.3677726651259246,0.4905731954862583,0.2558656883379987,0.37726247517513156,0
0.3657950890933356,0.4513212363786657,0.10364658704961219,0.25236634310532924,0
0.4285859918454141,0.2654529030168009,0.1314969886079102,0.1463242927482819,1
0.510127980722439,0.5308533085039124,0.0625,0.0625,0
0.5190943556214969,0.5278095782054202,0.0625,0.0625,0
0.49068720297540364,0.530846668920687,0.20445390538084715,0.1908944128908649,1
0.5279367919591692,0.5119971086005785,0.2263294717924257,0.2480657166703706,0
0.5145800593220425,0.5281031754142564,0.0625,0.0625,0
0.4574690588016216,0.4067411668462481,0.29620952334695316,0.21436964005239373,1
0.49881877274158126,0.5209663116067977,0.0625,0.0625,0
0.6361432871043096,0.6407714538308003,0.0625,0.0625,1
0.5019354865946989,0.5291385638964292,0.0625,0.0625,0
0.5313529412024625,0.5358782460220071,0.0625,0.0625,0
0.4911256959978488,0.47561671480071477,0.25092811530666514,0.16291341165167372,1
0.511424716691377,0.5307918790856929,0.15516267678789197,0.16372916955430672,0
0.5287055523842008,0.5176458627802307,0.0625,0.0625,0
0.4740478921141663,0.5094348179330195,0.09190171330602986,0.10684851409311029,1
0.508155781736574,0.3757948083108806,0.0625,0.0625,0
0.5297675147822435,0.4261273270667013,0.0625,0.0625,0
0.39233609437261424,0.44143652101725417,0.21869551096719175,0.24818471832949457,1
0.5288233287606141,0.5089614406795229,0.0625,0.0625,0
0.5296705707223655,0.5021022724568855,0.2391416823653969,0.1146743432062417,0
0.5498550446802748,0.447659338645736,0.0625,0.0625,1
0.5878006390266864,0.5636557205963109,0.22323881310039997,0.12824478472659032,1
0.5102775620714746,0.5216310002444651,0.0625,0.0625,0
0.5748292801705409,0.6475721901494831,0.0625,0.0625,0
0.507562185027992,0.4950947540716916,0.3302083506520997,0.23302163313808838,0
0.669055888312184,0.40027456588883625,0.0625,0.0625,0
0.4433176165146958,0.3571573326906078,0.3070609958189968,0.19655843892416439,1
0.4216195158075519,0.5949988566302985,0.0625,0.0625,0
0.4375409285149744,0.5585126435657926,0.0625,0.0625,0
0.524640724267365,0.5250054526657615,0.1539150216038203,0.20596141358821554,0
0.5220592935146318,0.5008318628884074,0.17025822604733498,0.3697285715742892,1
0.5042032108129091,0.5213570064191266,0.11520983181511656,0.24500177634176404,0
0.5215806858636411,0.5062107758937796,0.19364297989666437,0.2031511639433866,0
0.4982312518763712,0.4238103373314792,0.18801729950160634,0.10426667078655122,1
0.5219718686760287,0.5311994393888722,0.0625,0.0625,0
0.5155891549987724,0.524375690391944,0.0625,0.0625,0
0.4869225880628404,0.49927864052836624,0.19755825338052133,0.15812079043421293,1
0.5189528148083278,0.47286159725547094,0.16995403353800986,0.23395209616208293,0
0.38854477467447207,0.4559651931770491,0.0625,0.0625,0
0.45854933851276,0.4399361626311382,0.2417860991300007,0.20351903861028503,1
0.5288404188566788,0.5195183357924394,0.0625,0.0625,0
0.44245988016688015,0.34798858955651185,0.0625,0.0625,1
0.5112007954925082,0.392416697267692,0.0625,0.0625,0
0.45184226351947016,0.5760522056967293,0.0625,0.0625,0
0.3134852217862153,0.43009718010851755,0.30117590997239396,0.19752059693569582,1
0.5300114870081132,0.5253317464389728,0.18356612228983318,0.20669116505209784,0
0.5132495809645422,0.5311040696179006,0.0625,0.0625,0
0.49535455159500497,0.4795609808107461,0.07851631209695878,0.08304138052046092,1
0.5096832786662895,0.2761136280048132,0.0625,0.0625,0
0.47624669645235435,0.49290292650464684,0.0625,0.0625,0
0.38888636326316,0.37322806878688464,0.13126949771807878,0.19605926537994062,1
0.5275373997992362,0.49635541295620295,0.0625,0.0625,0
0.4967863362877686,0.5169663161489727,0.21692839490816632,0.20962645350338371,0
0.599167177593229,0.48320572266187,0.0625,0.0625,1
0.3943892180606335,0.5439570600612949,0.0722258715776131,0.15099145967798866,1
0.49029042821183494,0.49308269373089136,0.0625,0.0625,0
0.3590965810818739,0.6544372278237702,0.0625,0.0625,0
0.5057318681190455,0.4890898496516462,0.31728986931887143,0.2528592887344605,0
0.6140193197093432,0.556714828396729,0.0625,0.0625,0
0.48828598713336696,0.4720922500782031,0.3595149890296677,0.33730719707260065,1
0.6576648081262048,0.4831471366677265,0.0625,0.0625,0
0.3360218490590733,0.5518837966912946,0.0625,0.0625,0
0.5145071860934127,0.512032450145395,0.14398908965181828,0.22040566758147798,0
0.5183114748900572,0.5389669242268242,0.3454457636402307,0.13789256619709273,1
0.5006194018077799,0.4419933486511969,0.0813361884654216,0.17301460868277768,0
0.5176874670064828,0.4372425798147037,0.06957708615332155,0.17931058277208134,0
0.5072757405516083,0.4664314687899793,0.07444065738729155,0.2748358424434396,1
0.5185404981291114,0.5033619898240542,0.0625,0.0625,0
0.5306623771862475,0.5045946963948948,0.0625,0.0625,0
0.4969064025815051,0.5102001010319561,0.19519524782307218,0.18894748378395784,1
0.46464870002332237,0.49421167233474217,0.3463139455827721,0.15825943925411634,0
0.5097687383076961,0.4000223766053372,0.0625,0.0625,0
0.4427460706228423,0.44390038443211727,0.15012331519542083,0.2606897268741684,1
0.5262455838997603,0.5293363268166715,0.0625,0.0625,0
0.5311426624804143,0.36780327852037453,0.0625,0.0625,1
0.4454934351917498,0.5244790849124932,0.0625,0.0625,0
0.5819615438094242,0.6277939206265042,0.0625,0.0625,0
0.48960788906955455,0.45940758611017546,0.20388972230465,0.26213113651954323,1
0.5271081052512405,0.5290547831128721,0.16494202843305023,0.21342858650447127,0
0.5260957107800422,0.5029344414785731,0.0625,0.0625,0
0.5295367174860739,0.5065651029553178,0.06461501107734222,0.07004068384949183,1
0.42203123337060494,0.5168313021697164,0.0625,0.0625,0
0.504693727952356,0.5236860408743722,0.0625,0.0625,0
0.498265067265123,0.4404545248178507,0.26052140677231983,0.2459320448200998,1
0.5286912887976685,0.5240728115508525,0.0625,0.0625,0
0.5267297709902092,0.5309142663924467,0.12923387992784366,0.2388814345475511,0
0.49141937510715816,0.6017464854465531,0.0625,0.0625,1
0.5046971226060315,0.5375338964892363,0.18104836351840045,0.06336172830781556,1
0.48332872303821817,0.4752230616177993,0.0625,0.0625,0
0.46162774963283637,0.5952579018514608,0.0625,0.0625,0
0.4812904779883603,0.4974599353151267,0.3153239289816344,0.2925790868246682,0
0.48348147325137536,0.6123226443288676,0.0625,0.0625,0
0.6264925160255874,0.525417387909847,0.2669053921661756,0.1245426433458976,1
0.3407065065988578,0.4134707880161836,0.0625,0.0625,0
0.5309561630499493,0.5559800917770624,0.0625,0.0625,0
0.5262153082634404,0.5062509696313574,0.18387769030183046,0.10608612327303818,0
0.5328563309788513,0.5241709833434504,0.4104926827443874,0.11177947330813623,1
0.355131124227684,0.5072462051579043,0.3289714995867646,0.19944145626176418,0
0.51787281873594,0.5055007692734677,0.18609107358925536,0.1896155564155885,0
0.45822679130154065,0.3507966421321903,0.10401342380351142,0.12641100003581318,1
0.5254538670469404,0.5303092183612639,0.0625,0.0625,0
0.522891458508652,0.531247886446848,0.0625,0.0625,0
0.5310266938800852,0.47442906041098126,0.20549565655093632,0.09399992311828348,1
0.5148762007664723,0.4499109116034979,0.19826465213984243,0.32959589799998856,0
0.4980806656947822,0.4834831940338365,0.0625,0.0625,0
0.48717784847397827,0.34139427979446546,0.1802568870920186,0.17151596575060002,1
0.520639142267705,0.5293318867141796,0.0625,0.0625,0
0.6044755150390905,0.4223489918471923,0.0625,0.0625,1
0.5203777990134689,0.5068048774927841,0.0625,0.0625,0
0.6048942672201175,0.5598069494074644,0.0625,0.0625,0
0.3718861099772781,0.4986276182940198,0.16411093008798877,0.27090476830063714,1
0.5302718632951806,0.5288112851505797,0.1562158538926254,0.07441443378632691,0
0.5072766650553822,0.5303165593597746,0.0625,0.0625,0
0.5182019369111197,0.52105606977948,0.09650738763494524,0.0718899917229435,1
0.3986610543331193,0.4924397510484783,0.0625,0.0625,0
0.5242113224434012,0.4842501409730299,0.0625,0.0625,0
0.38492616809790603,0.49206319821923433,0.2962804176660207,0.3043236994789173,1
0.5311574968332406,0.5193210282657459,0.0625,0.0625,0
0.5295193038968464,0.52970434959274,0.08635741792356437,0.11133443928126388,0
0.6222901565592299,0.5148240763939671,0.0625,0.0625,1
0.5890196141646602,0.3570918379881538,0.07372702380486099,0.10378628171137423,1
0.5194220230833546,0.4696815460460528,0.0625,0.0625,0
0.4882711822058797,0.6107670935867987,0.0625,0.0625,0
0.5277705960721082,0.5293736845450716,0.19800903395721703,0.334461499131803,0
0.6219016440145814,0.44547108661207957,0.0625,0.0625,0
0.6294467583850584,0.3981250596888107,0.2816167664722757,0.35630430488849174,1
0.5430449071462904,0.5545693914843627,0.0625,0.0625,0
0.5272547161278769,0.5300296735542974,0.0625,0.0625,0
0.5073933473220644,0.49700199649604176,0.07012881305501384,0.0940244662208558,0
0.5227549332487429,0.4875381839206227,0.28794232722968327,0.2998745634463452,1
0.5094133443016508,0.5148047866581935,0.17481990429719424,0.13159499977933886,0
0.5071754496047263,0.5111974882720662,0.191993395924176,0.44821588452014804,0
0.37308727202202385,0.4386024337291356,0.18033408701829023,0.15971051482193394,1
0.5300820988455603,0.529022367486498,0.0625,0.0625,0
0.5237613585751645,0.5092678929688067,0.0625,0.0625,0
0.5265581197251947,0.5067999098144982,0.10152182715430078,0.2217004267210019,1
0.5028286127205063,0.48188242089209077,0.31026649244985033,0.19372066686781617,0
0.5033327372898679,0.5238057974754744,0.0625,0.0625,0
0.45207701919124393,0.4885522888460915,0.12123332521421615,0.3830583064481248,1
0.531163744742293,0.5270207869970283,0.0625,0.0625,0
0.45517044215363905,0.5179956947224738,0.0625,0.0625,1
0.37825782828907145,0.48081807629486206,0.0625,0.0625,0
0.5491572945127452,0.4647296317507388,0.0625,0.0625,0
0.4700080288060875,0.4488242704214393,0.14633114959775623,0.18821048691367853,1
0.531230983677427,0.518983834207933,0.09048284074965196,0.17512619244377364,0
0.522876309275765,0.49889676088166723,0.0625,0.0625,0
0.5242021485940147,0.47203146473891455,0.08000165152260377,0.07928465643465452,1
0.5074850499732069,0.5186650919994529,0.0625,0.0625,0
0.524983865560224,0.40424523430711995,0.0625,0.0625,0
0.46924583802184217,0.4567097713769229,0.08451228695157699,0.1045153214971483,1
0.5310723374741415,0.5312090527036488,0.0625,0.0625,0
0.5294025059834429,0.5038144832556083,0.1511026120318278,0.22474034443973698,0
0.5607689513904295,0.42214600820343207,0.0625,0.0625,1
0.326797684276564,0.4879992376714705,0.15295532455013222,0.12223747437951495,1
0.4796678120185461,0.4644660663080299,0.0625,0.0625,0
0.4545516805378449,0.46390246317889405,0.0625,0.0625,0
0.4837388268492232,0.47044773861500727,0.14672478661797145,0.18347573194079542,0
0.6587031270528192,0.4375468008550352,0.0625,0.0625,0
0.41131621215409064,0.4506971663488335,0.1533050174313463,0.1604183819728594,1
0.44085953388677457,0.40607104530207755,0.0625,0.0625,0
0.4245253648404005,0.5884874946289158,0.0625,0.0625,0
0.5086656037282689,0.5180024302929971,0.15601934911494403,0.23800980949224507,0
0.5317673236670173,0.5119020115584592,0.334105266495285,0.20565265611915864,1
0.4841536888735795,0.46060602451464716,0.12639262325798417,0.11029007132666122,0
0.5032416705904539,0.5005614784488129,0.38031573347662406,0.17477792407463638,0
0.3084306155289175,0.4468632364902631,0.11863356937868072,0.20729742615874616,1
0.5225942894900042,0.5311765695341207,0.0625,0.0625,0
0.4958061006723671,0.5195753637224086,0.0625,0.0625,0
0.522359905581995,0.5164863144889318,0.11539975177512356,0.18830089402589975,1
0.5004138398513183,0.5242528128428152,0.20753290957178896,0.29966493026480695,0
0.5127810427428061,0.5185295428081277,0.0625,0.0625,0
0.4653574087962968,0.49735655402738554,0.11310853714829142,0.2868505780159111,1
0.5268852046987762,0.5175107159248673,0.0625,0.0625,0
0.5790483761948627,0.5132170690054692,0.0625,0.0625,1
0.48472070053647576,0.5193958589289891,0.0625,0.0625,0
0.4469848345411678,0.6004237351158586,0.0625,0.0625,0
0.4590439986232276,0.44174373024188995,0.10661809037103817,0.2958554424568638,1
0.516501120318342,0.5131153439345597,0.23297319682967915,0.10326754184589629,0
0.5311807146476295,0.5203888759349466,0.0625,0.0625,0
0.5133332962475747,0.5157518578689363,0.08815632013340491,0.07637316146318807,1
0.5085907515124297,0.496229781146447,0.0625,0.0625,0
0.5046820445492841,0.5280619586023212,0.0625,0.0625,0
0.44382821779836346,0.40446557184535625,0.24598590651534524,0.21984212364995726,1
0.4962597152926308,0.5003580740938842,0.0625,0.0625,0
0.5222725236375951,0.5037708426500374,0.11801271624973464,0.19503481901559183,0
0.5511247211415902,0.6241803238860896,0.0625,0.0625,1
0.5322650878640584,0.4595226612299015,0.17423951431887255,0.11271306585962482,1
0.4784242934076993,0.39510309942166266,0.0625,0.0625,0
0.5383733159090325,0.32548372881959126,0.0625,0.0625,0
0.49484257086728933,0.4668874963369377,0.20158401941886345,0.331980179953221,0
0.5880568255825903,0.5883701292533194,0.0625,0.0625,0
0.3680386281031434,0.33284519761214637,0.39613337228065815,0.1443435070605694,1
0.5290209425638837,0.5666295865564774,0.0625,0.0625,0
0.42065011280021186,0.5156481745432815,0.0625,0.0625,0
0.5166859312655578,0.5292812075535488,0.19919750199928657,0.16956434299905238,0
0.5365765463527132,0.521541929641621,0.2670469070309177,0.18320032166057437,1
0.529164136956344,0.4839645914169237,0.36661081950310226,0.3438931450448372,0
0.5165235507386297,0.4483662217725898,0.2741419012627999,0.2816052768770041,0
0.348042868272555,0.4012876949015431,0.1404991478174339,0.13814534736141826,1
0.5018852994340331,0.5312460898931163,0.0625,0.0625,0
0.5302395003433867,0.5260148412950905,0.0625,0.0625,0
0.4757956420266647,0.49253875495999655,0.11792547162842601,0.10847664963324236,1
0.5224101996764623,0.4388989470077782,0.23105449123112143,0.3643504509394303,0
0.5215646724704572,0.4887595504894791,0.0625,0.0625,0
0.47703780977451316,0.4552377441285133,0.3242628555693588,0.29368490458195773,1
0.5285883311839549,0.5200317110738137,0.0625,0.0625,0
0.5328682961403236,0.4788924969719075,0.0625,0.0625,1
0.4305065556497246,0.4687149320560115,0.0625,0.0625,0
0.5402195789506439,0.3882725629728587,0.0625,0.0625,0
0.3631012290881433,0.4977821427625735,0.20331622172875127,0.2501744239533033,1
0.5266489684398588,0.5013726966228191,0.20917894095064973,0.1518095831661506,0
0.5311565914072864,0.5162116298708155,0.0625,0.0625,0
0.5110198295008584,0.5027767913116369,0.0704246941890367,0.07828350920294447,1
0.4350654340239642,0.511039199664712,0.0625,0.0625,0
0.483761504859719,0.5071449348032437,0.0625,0.0625,0
0.399449605367299,0.45132092055754197,0.32313568881515065,0.20149318898701077,1
0.4992752142706922,0.5104800783763987,0.0625,0.0625,0
0.5310649570290644,0.531245292476673,0.22314276398873384,0.17148360069658183,0
0.424108229762236,0.668117447116372,0.0625,0.0625,1
0.4288930349929348,0.346143495878735,0.12292376442160038,0.1126944533592534,1
0.5194156707259527,0.4944256583713198,0.0625,0.0625,0
0.47493980120425955,0.5569039941357525,0.0625,0.0625,0
0.49379968650477346,0.5209417034965614,0.13014371704597077,0.30268155583754974,0
0.6327117985130459,0.549413122826895,0.0625,0.0625,0
0.4730151209774037,0.5031884775425712,0.2245772137529577,0.24033716380265735,1
0.486323585750675,0.4811120713284311,0.0625,0.0625,0
0.6016942951657877,0.4567964900049763,0.0625,0.0625,0
0.5247480417651501,0.5219070688488467,0.12313582891406355,0.09816265273506257,0
0.4834054358062493,0.483644508448041,0.16763188268207946,0.18232986301816664,1
0.3433895376947516,0.511961100762611,0.3504908321221368,0.23742614117064859,0
0.5248638419973499,0.429544724829722,0.2908887585829717,0.13751660768195934,0
0.4422214102534584,0.4902709547753551,0.22528678614731193,0.09629208974164291,1
0.5192230077941334,0.528848309500514,0.0625,0.0625,0
0.5095340079827995,0.5302059343667701,0.0625,0.0625,0
0.5233884316560526,0.5293305858872517,0.07017012228293616,0.16940109904194106,1
0.5008451655167863,0.5016726129608037,0.3160822042218326,0.21011858342324038,0
0.4970737471670828,0.5009848946014331,0.0625,0.0625,0
0.3695517904221914,0.4368747788945947,0.09683568472512988,0.3427516258032591,1
0.526115926626088,0.5066977773857759,0.0625,0.0625,0
0.6363069317466198,0.6839287893390711,0.0625,0.0625,1
0.5126884618347545,0.5067418854171183,0.0625,0.0625,0
0.563894246699022,0.6157591958430325,0.0625,0.0625,0
0.41983320166767146,0.40283910529557904,0.11167281444921409,0.25272018392432954,1
0.5264047101986539,0.5124852657344172,0.1450218168422706,0.19542820612422213,0
0.5148783469543219,0.5271094308018551,0.0625,0.0625,0
0.4981634352994815,0.47987714761628714,0.08481400495272541,0.08075849537179552,1
0.5211177297137042,0.5297353594204028,0.0625,0.0625,0
0.5227729503415788,0.48542330279030044,0.0625,0.0625,0
0.4843624188269761,0.4166492299398629,0.33029106759467647,0.252099241979749,1
0.5281168862672772,0.5145180955166258,0.0625,0.0625,0
0.5236283790963394,0.505897517354098,0.08363176306465545,0.0935036188486138,0
0.4945932940244518,0.501490024901867,0.0625,0.0625,1
0.4823758629821735,0.3759955470179313,0.0987783387975151,0.27255895822599585,1
0.4785426526812349,0.4925047948547595,0.0625,0.0625,0
0.5267565475169569,0.653384988527453,0.0625,0.0625,0
0.5031443994176207,0.41210366874425514,0.2728488581168075,0.2194715084872688,0
0.42368691765396793,0.40720741506924596,0.0625,0.0625,0
0.3881554167816486,0.44918547483677734,0.34242648497144484,0.38465606558781196,1
0.46651833822559524,0.41296497507980906,0.0625,0.0625,0
0.38661783290687934,0.3647002450801736,0.0625,0.0625,0
0.5312079680606236,0.5308883023470611,0.23418941854573957,0.17286651664637867,0
0.483437919636561,0.5284008566350571,0.21815652373854316,0.10690386059903834,1
0.4824694363793209,0.5161241716890987,0.2941690253344123,0.25804916571738,0
0.5181414795143722,0.45484878404321955,0.09007975878296061,0.1865885660008192,0
0.43163820883125964,0.5142109717133168,0.13203999916226308,0.18523290706502293,1
0.5090720244631465,0.5108485125059199,0.0625,0.0625,0
0.4957083967791369,0.5184084226122635,0.0625,0.0625,0
0.495771753165534,0.4822417768236876,0.15846807706905802,0.12772020806850945,1
0.4893613261601974,0.5222403084031202,0.08150065299920585,0.2531616351364774,0
0.4652173474314762,0.5166363028561907,0.0625,0.0625,0
0.4439518148302298,0.3964576109930885,0.21284182274364905,0.15354348593029093,1
0.51155879339354,0.5099213983310851,0.0625,0.0625,0
0.5828986535840625,0.5386089084181312,0.0625,0.0625,1
0.5007478193156057,0.5287019833177221,0.0625,0.0625,0
0.48207984698694395,0.4969848982680477,0.0625,0.0625,0
0.5049497615847659,0.3947858185537695,0.3894062820888669,0.18080151019189383,1
0.510300584197379,0.49826667486592824,0.11373718674066724,0.09688361755134337,0
0.5136960123866113,0.5292156741048774,0.0625,0.0625,0
0.5026239626802176,0.5074389079152491,0.09132222606739372,0.09252112505692829,1
0.5134345752906225,0.500444051018117,0.0625,0.0625,0
0.5216972767442907,0.49726370717054835,0.0625,0.0625,0
0.46365904525669993,0.3770454193131808,0.36586492342783766,0.3849349892739381,1
0.5229331919204447,0.5085349176223448,0.0625,0.0625,0
0.5215107253587146,0.525039233181996,0.18730896565679667,0.20528606655766643,0
0.4537434117206641,0.48035436402236936,0.0625,0.0625,1
0.5242995709779147,0.5511931354962409,0.17816472113774995,0.19369498625714776,1
0.52722908991324,0.5015367976046862,0.0625,0.0625,0
0.577978387213846,0.45716497868793576,0.0625,0.0625,0
0.45770040389093647,0.5090017838653156,0.20409850375899477,0.303399875119368,0
0.5190155741935374,0.6100388927081981,0.0625,0.0625,0
0.4272145150390827,0.6058105223490451,0.15861064028093702,0.26295700754531126,1
0.40123598522542725,0.6640011050885131,0.0625,0.0625,0
0.4582246733801231,0.653162323103513,0.0625,0.0625,0
0.5298389180589689,0.5141945085911764,0.0796758629539894,0.22968386564185728,0
0.5050380490588599,0.5313884268612596,0.2485830379778416,0.2066935398574233,1
0.5218017156229731,0.46182913927744523,0.20188689095588816,0.16213728416485196,0
0.4673679218584421,0.5173339927240401,0.18140156148351835,0.2870632600057257,0
0.43709922028691667,0.4659546588650288,0.18241010209469505,0.14982827673628163,1
0.5221185730963868,0.5184966880012174,0.0625,0.0625,0
0.5226563570486287,0.5309722277317428,0.0625,0.0625,0
0.4977143426787005,0.4773106449520247,0.20284300890432305,0.07099919269886347,1
0.3558711011025139,0.5011989897200846,0.10336975485932741,0.2178722329341363,0
0.5079592931812282,0.4497995893422738,0.0625,0.0625,0
0.4488518133188612,0.49903575330113564,0.21595392550925205,0.32195828220760175,1
0.5077728385106709,0.5311138718701235,0.0625,0.0625,0
0.6483268197404211,0.552270222677193,0.0625,0.0625,1
0.4982710972950273,0.5076484314794133,0.0625,0.0625,0
0.5710468281677207,0.6499473061348864,0.0625,0.0625,0
0.42934400180660065,0.2728041250477795,0.12748850270798168,0.15998363016754596,1
0.5312158687676372,0.5229920001412824,0.10802549504895859,0.07561282275361221,0
0.5124245613324692,0.49957638389698983,0.0625,0.0625,0
0.49595760969058084,0.5157923666336637,0.08465544267402889,0.08358099589594675,1
0.5096238411536549,0.4246932954301613,0.0625,0.0625,0
0.4595599431859149,0.5249744750556813,0.0625,0.0625,0
0.4357720916788216,0.43604014062237,0.15264152384078924,0.3015338633221318,1
0.5063975931235218,0.515777053042292,0.0625,0.0625,0
0.5227849395221151,0.5311625611881716,0.22352792737211896,0.13481303614373472,0
0.483475564220801,0.5190159095438356,0.0625,0.0625,1
0.5353791494595723,0.561616346590806,0.09766557587488985,0.12124479106657668,1
0.3905292200433934,0.5075040215691032,0.0625,0.0625,0
0.41614619624491433,0.6037582676482335,0.0625,0.0625,0
0.4988574615847706,0.49369631884231796,0.33589055893897546,0.19232391346343286,0
0.6633851187896213,0.39034829516890807,0.0625,0.0625,0
0.618780450617708,0.4399445730108304,0.1554250303783129,0.315423284533036,1
0.4424668370505035,0.4862299916289125,0.0625,0.0625,0
0.359518282352169,0.4715397275018819,0.0625,0.0625,0
0.51072529332331,0.5053441527575848,0.16988442429684597,0.10845763008575614,0
0.4919494071520878,0.48147981631944203,0.35610977597521637,0.2473578085270132,1
0.5129885960031614,0.5245025564005118,0.16672931093332916,0.37677673340896006,0
0.41507548439437614,0.37156264479091905,0.12195636608920135,0.28884391886388283,0
0.3084390761575633,0.4816020918329743,0.1824172055334662,0.08540197358452609,1
0.5250940981984952,0.5312091142602373,0.0625,0.0625,0
0.5302288395859525,0.5202955978316025,0.0625,0.0625,0
0.522285601308587,0.50510720519753,0.10584478736756285,0.10941688651421282,1
0.5173460831367647,0.5047601258584141,0.3117697480200086,0.375875416574307,0
0.5102497009095759,0.5257491926016897,0.0625,0.0625,0
0.4913108101070273,0.4047711812405458,0.2304700823888612,0.2194318599326202,1
0.5312445129072214,0.49722671262777196,0.0625,0.0625,0
0.4065344449166412,0.5933818904973123,0.0625,0.0625,1
0.45228609270937054,0.5204488030510931,0.0625,0.0625,0
0.3939894036402369,0.5222436091894691,0.0625,0.0625,0
0.4819513923195955,0.5001995060570044,0.277947097724392,0.1473414086431325,1
0.5312466744414515,0.5096169280848906,0.2219767666766874,0.18434926828215492,0
0.5302317315775883,0.5050933167942215,0.0625,0.0625,0
0.5235541894435445,0.5037361544736165,0.07474195115635827,0.10685856299513109,1
0.35773055545001603,0.5077091359379764,0.0625,0.0625,0
0.5013464973408104,0.4866728173892769,0.0625,0.0625,0
0.41977924818282214,0.41590042913958525,0.17714127427123208,0.20267815827213884,1
0.5281479002965419,0.5307419043716315,0.0625,0.0625,0
0.5312349263015139,0.5112361001172651,0.21034249989464054,0.11731096071360686,0
0.5657438625133155,0.5706102690525677,0.0625,0.0625,1
0.5588572152657632,0.4005897174250042,0.11006008423227873,0.18988733130389948,1
0.5200823436930777,0.5202483928247554,0.0625,0.0625,0
0.6606590090413227,0.49077007414688895,0.0625,0.0625,0
0.48486149424459457,0.44127422678351547,0.3389205116371196,0.2906830332917303,0
0.41004953288247986,0.5062051262955465,0.0625,0.0625,0
0.4536481178287998,0.392572625211519,0.36037267525595984,0.5583390909093514,1
0.6483678788703052,0.5864315880034309,0.0625,0.0625,0
0.5710777308080207,0.47132882125936165,0.0625,0.0625,0
0.5304290888590701,0.503893618120655,0.22171350512073132,0.07517641889359658,0
0.5204925242508811,0.5051349211011548,0.14400482217237726,0.16936211511311972,1
0.5006295372506933,0.5304230894632416,0.21571418266150086,0.3134495189002961,0
0.5184411491611566,0.4724018331500637,0.15031369243286447,0.10211483075569308,0
0.4505516295068105,0.33600475577506506,0.10726175396050575,0.23938983914232104,1
0.5307065350487813,0.5131904956823075,0.0625,0.0625,0
0.5125238921929012,0.5035717837016158,0.0625,0.0625,0
0.49268928397595724,0.526162072242902,0.15482078999628016,0.1289042420947183,1
0.5188617151039394,0.4141515814131865,0.20455964009560434,0.2138630699920096,0
0.5012167953849478,0.46993278405580485,0.0625,0.0625,0
0.3919952286376776,0.44235077199843764,0.3093747259760759,0.18282217637843937,1
0.5089884027969327,0.49994869623627947,0.0625,0.0625,0
0.3487940565244522,0.6983630088880299,0.0625,0.0625,1
0.4915018717439709,0.49101162569796325,0.0625,0.0625,0
0.5578126208855453,0.3992400056220189,0.0625,0.0625,0
0.33624923857146416,0.43560105029353097,0.36609573648260235,0.22200221719508165,1
0.5206268097474405,0.530427114785587,0.1484055012791981,0.17637997698738034,0
0.5033812449586654,0.5255270020268313,0.0625,0.0625,0
0.5196695743998414,0.506009757903341,0.11335039119051811,0.13654818747763392,1
0.48344237608761925,0.5181504844421174,0.0625,0.0625,0
0.48968343293654554,0.5109962134596195,0.0625,0.0625,0
0.32396073472929604,0.3663929550926667,0.2846799154736605,0.12082736146505155,1
0.52653374121406,0.5165775264741879,0.0625,0.0625,0
0.516253899763832,0.5277366450565218,0.11427177649141668,0.1328680412768492,0
0.34150400770312944,0.6363845913142092,0.0625,0.0625,1
0.6150963013050452,0.5710111678816664,0.08812253397761594,0.12228599280807868,1
0.3931622985223886,0.48219940514457255,0.0625,0.0625,0
0.44920239739385714,0.5632328660389107,0.0625,0.0625,0
0.5242642281510533,0.5161871029628762,0.22595240879958706,0.17685835517425746,0
0.46531438008902515,0.41640146460573935,0.0625,0.0625,0
0.4847278328458786,0.43036211207892777,0.3550849992414077,0.32790484994674846,1
0.6643835377880545,0.3975060436605247,0.0625,0.0625,0
0.544261076470674,0.5427173188684841,0.0625,0.0625,0
0.5250583857940073,0.5190765703484835,0.0816962531135106,0.10320319125865901,0
0.5332040078639915,0.5311948156511208,0.1850531993990455,0.2845111547976682,1
0.4005724854974744,0.4747681300977418,0.2017119202235733,0.27080625959787036,0
0.38192684006869193,0.44035709651463734,0.20834023102875607,0.28232548915244426,0
0.4617642633425109,0.42594264876255017,0.21865659371232068,0.17603320611602724,1
0.5240835306724076,0.520078464405957,0.0625,0.0625,0
0.51961566423086,0.5154577138729091,0.0625,0.0625,0
0.5084762522230892,0.4394492899913235,0.23365470419278084,0.1433404741915082,1
0.503594439034061,0.4911581837587839,0.2214077662783626,0.22575762053654994,0
0.526963003782178,0.4890036678033563,0.0625,0.0625,0
0.437356186675156,0.39955201001957946,0.3054379520031998,0.15862669781205097,1
0.5215888068317276,0.5246914710362467,0.0625,0.0625,0
0.3359124990704233,0.6489123271168553,0.0625,0.0625,1
0.5179507405527115,0.4685700271088802,0.0625,0.0625,0
0.5480250481333307,0.4292911482350163,0.0625,0.0625,0
0.21686672847717378,0.3898145730070164,0.22908705728394563,0.19313074248817083,1
0.4995648521762754,0.5257021018899435,0.21103702901677165,0.2134757111317094,0
0.5302592019153132,0.523983409841331,0.0625,0.0625,0
0.5103390792823665,0.4848158881714547,0.06668603127693627,0.08743800998388246,1
0.501545020585422,0.5107347360313181,0.0625,0.0625,0
0.5260016324221092,0.517289282761698,0.0625,0.0625,0
0.4751710978814886,0.5008251858464534,0.2680224009153823,0.2929541809822682,1
0.5288059062332171,0.5311458802128111,0.0625,0.0625,0
0.4998725696385131,0.49886631127683306,0.1674540080687426,0.2307296486047768,0
0.657715211051568,0.6507948126305584,0.0625,0.0625,1
0.5088168123022435,0.4569960363722545,0.09371860536849785,0.22764741369426228,1
0.5277146079616194,0.5230415046283383,0.0625,0.0625,0
0.6738731316574078,0.42972846158164246,0.0625,0.0625,0
0.4801625340266931,0.5080799245223249,0.24960038971893778,0.1865295524239316,0
0.6713041811465701,0.4928763627842634,0.0625,0.0625,0
0.5559719783269792,0.5133488816279039,0.1308769414644252,0.14355733464032958,1
0.4560904326475144,0.5836321484812933,0.0625,0.0625,0
0.6578360069413309,0.4893242103385527,0.0625,0.0625,0
0.5117662880129278,0.5205781355919132,0.16335442256287963,0.07303412745659757,0
0.48586356056021285,0.5018460383999447,0.2950963929832182,0.2021784136732438,1
0.5021427206263255,0.4479022416759178,0.1454312504909552,0.3415097647499827,0
0.509709006439355,0.49708260340369975,0.29673711653488194,0.11420131810279582,0
0.4909140338670445,0.3897171795667615,0.08520317976792866,0.12091300923011766,1
0.5312279754771045,0.5311545859054081,0.0625,0.0625,0
0.5308698675442911,0.5155641439643672,0.0625,0.0625,0
0.5116934736854624,0.5092635469083797,0.07871581285214053,0.20148218935702744,1
0.5168270363841947,0.525988486030344,0.4024909682949497,0.24817338675840084,0
0.482197315867219,0.4567286184114585,0.0625,0.0625,0
0.44742043231155576,0.3965583524903015,0.2364785859568009,0.2440736022455543,1
0.5219412629672067,0.5312499868787609,0.0625,0.0625,0
0.36702864703902166,0.6760406305438926,0.0625,0.0625,1
0.5292398582034357,0.47827091109094255,0.0625,0.0625,0
0.4773133723853077,0.6695263841387953,0.0625,0.0625,0
0.35949361645429384,0.4809543763437168,0.14637308418125788,0.2610878370632356,1
0.5309202188448808,0.5030757929745303,0.19040660552964495,0.11270574675272704,0
0.5140689372275464,0.5070088775726576,0.0625,0.0625,0
0.5170903072522353,0.49203011836733496,0.07791885680987529,0.08304440662830884,1
0.5273864814134082,0.4932693418458253,0.0625,0.0625,0
0.5186037434606539,0.524680536866028,0.0625,0.0625,0
0.4858141665720356,0.4965054989549685,0.11269231922083155,0.23379668179086727,1
0.5106458580875648,0.5305972188853456,0.0625,0.0625,0
0.5267645828883383,0.5200626364285941,0.11414506027186777,0.15830834163206767,0
0.5091629173277913,0.3560565642993462,0.0625,0.0625,1
0.39912952207551505,0.4824675470704799,0.17833970459108905,0.17493382813314964,1
0.48262272591749295,0.4949030088364603,0.0625,0.0625,0
0.5273842505437998,0.3196580668374006,0.0625,0.0625,0
0.5002948413053004,0.4701866195664348,0.21495392830790233,0.21994961906025295,0
0.6661737867230012,0.5124852474314092,0.0625,0.0625,0
0.3574687224373573,0.431584708669179,0.1351329892597712,0.5202813516371579,1
0.6594298337610655,0.4552435690955484,0.0625,0.0625,0
0.39658779619625223,0.5711471554895862,0.0625,0.0625,0
0.5034628558802474,0.5181168263855935,0.1314530572824174,0.21358839105465888,0
0.5393638822733955,0.5219456647165167,0.1587659771458021,0.16745800617588866,1
0.4352663702842848,0.524651416656936,0.4845178234637335,0.1402917901951602,0
0.4819696569745658,0.5113839297153799,0.1648591240536471,0.34236866174372876,0
0.451546070093619,0.4122022757688439,0.13622577037142586,0.09128182467314724,1
0.5254613049171548,0.5265013758714088,0.0625,0.0625,0
0.5172742140075918,0.5003329683271525,0.0625,0.0625,0
0.5256492678565879,0.5229657527139235,0.12340939282186582,0.13065545388362088,1
0.4317546719132581,0.5206623923019704,0.12251080043604076,0.334281799365664,0
0.5215541434614264,0.44441126776771384,0.0625,0.0625,0
0.3975062719023205,0.5037054622654387,0.388006337819184,0.16251545298401437,1
0.5026219182758169,0.5312475380964349,0.0625,0.0625,0
0.3337429589299863,0.5528753918579997,0.0625,0.0625,1
0.3615109859415319,0.5038589097845751,0.0625,0.0625,0
0.41767957335650624,0.43301155194845,0.0625,0.0625,0
0.4736957554252296,0.387341227945395,0.1976814674346647,0.19833116380528779,1
0.5096771916149065,0.5014310109798926,0.11727113737969272,0.23739853903078348,0
0.5214234500934494,0.5312472678798151,0.0625,0.0625,0
0.5209858226151648,0.5136963099791554,0.06264485743685531,0.08949469158931925,1
0.4041996061445412,0.5185030589197701,0.0625,0.0625,0
0.5049776773554284,0.46242750951387984,0.0625,0.0625,0
0.4716015314892726,0.4847347507553507,0.1545345479178796,0.3740488811859503,1
0.5019724360503005,0.5280812853425507,0.0625,0.0625,0
0.5264885610801815,0.5150866887648217,0.10566465696843158,0.1252950498614381,0
0.5922917123587367,0.28160715452998897,0.0625,0.0625,1
0.554457045929573,0.3896027640423041,0.23678894482709778,0.14417595385556553,1
0.4880455816315084,0.5265316381206642,0.0625,0.0625,0
0.5337363123125884,0.581176213545744,0.0625,0.0625,0
0.5146470577277042,0.5067317365060446,0.2954695387861227,0.44265312316689,0
0.6624986471959761,0.5113981788319489,0.0625,0.0625,0
0.49926092071050315,0.588772536053814,0.6113261985636613,0.3780548006043,1
0.5215368190976681,0.6275452837253003,0.0625,0.0625,0
0.5390873812139678,0.510988786940868,0.0625,0.0625,0
0.5291367152955089,0.5286737950433974,0.13690803243021696,0.1529510157487819,0
0.513842073514288,0.527079190189653,0.14814916814037815,0.2257462542952949,1
0.509405365287836,0.48545520831643835,0.12322983476314026,0.19799679864539457,0
0.518879551715018,0.5097171213594112,0.2681373466248188,0.4367984128160789,0
0.4352793610895572,0.40641500609982306,0.16357090455629666,0.19981444487628217,1
0.5051829071835897,0.5297459377078935,0.0625,0.0625,0
0.5149826755704068,0.5236183626960855,0.0625,0.0625,0
0.495432219647569,0.5141307443437202,0.22553374092899844,0.21220456341260932,1
0.46360230778002465,0.4858317504185405,0.26453254522601366,0.3379807869851941,0
0.5166373162024951,0.5300925612552708,0.0625,0.0625,0
0.464699378888886,0.43022139039798735,0.33159566857865375,0.20023768834172215,1
0.5162968534422917,0.5258643989693323,0.0625,0.0625,0
0.6013563423965046,0.47114835383709136,0.0625,0.0625,1
0.4940327932726476,0.5303032363846845,0.0625,0.0625,0
0.547267809435297,0.641824971277727,0.0625,0.0625,0
0.4041525917581376,0.4662525100992056,0.3671424892202065,0.1362486764046531,1
0.5272316018990248,0.5166661009251927,0.13852774529364043,0.12737387092953723,0
0.49675817343882595,0.5106339493768384,0.0625,0.0625,0
0.5258646692428615,0.5221151161593933,0.06660845217037425,0.09353259612273854,1
0.5069247324300672,0.4451424521817877,0.0625,0.0625,0
0.5034299351782674,0.5065803082126923,0.0625,0.0625,0
0.47340810109293174,0.3404763248597372,0.21719093120125477,0.38111509719144754,1
0.5001156361527284,0.5055152972362059,0.0625,0.0625,0
0.5118491316043836,0.5230851805162092,0.09328828463332366,0.07783438692289224,0
0.39644878161174346,0.5705707435759892,0.0625,0.0625,1
0.6077995236551308,0.648097153693026,0.09321641907645066,0.15350246375540239,1
0.5251206939553528,0.5195579156945869,0.0625,0.0625,0
0.5129291341833409,0.535599842943577,0.0625,0.0625,0
0.4786683123715114,0.4901290579654421,0.166614939261552,0.37994146011397784,0
0.5743277062608968,0.6560942036198456,0.0625,0.0625,0
0.5314073807738784,0.5093693309924123,0.1952898249910322,0.3127561083029221,1
0.6170284187246151,0.527856835713215,0.0625,0.0625,0
0.4228650780707845,0.44786013811504327,0.0625,0.0625,0
0.5290356969380927,0.5016900344583789,0.1342897187938424,0.06624174515043617,0
0.5333640663400028,0.5418165073450233,0.12939908561916963,0.161357019188678,1
0.48181562000853995,0.49667067657253133,0.3420162925238394,0.17889715614432405,0
0.5085349056532278,0.4982464660822338,0.3885530183967091,0.2161783759966224,0
0.5119370050264629,0.48151901091880916,0.09688750115319344,0.15068951987105383,1
0.4960877745844284,0.4957744197429734,0.0625,0.0625,0
0.5311215999767737,0.4988779479562463,0.0625,0.0625,0
0.49492423393053186,0.4937957866938695,0.20920108394380169,0.06860621422199405,1
0.5196749937197739,0.49968066398288186,0.1272801491086789,0.2363769458184593,0
0.4967445330921745,0.5044546431262322,0.0625,0.0625,0
0.4885774194361605,0.23204116491006693,0.17040716170957682,0.30672486783407804,1
0.49929515787098294,0.5162768977282611,0.0625,0.0625,0
0.35934908134094706,0.6518653913054737,0.0625,0.0625,1
0.4943473646498262,0.5140392991875318,0.0625,0.0625,0
0.3658504104092389,0.5972321414022261,0.0625,0.0625,0
0.3074710162077024,0.20964327654934115,0.34051545818510465,0.41023710730796903,1
0.5063176842211361,0.5287417293410888,0.07618419916992407,0.1650797657768052,0
0.5310871063616078,0.4965204772911434,0.0625,0.0625,0
0.4931537509351397,0.4659304847123075,0.08840055945041789,0.07120769962384975,1
0.5206781663822079,0.4587176744134141,0.0625,0.0625,0
0.36292198166938217,0.5162141115840045,0.0625,0.0625,0
0.4445887638479726,0.46401686986980023,0.32316434495129587,0.44550472351937503,1
0.49756731768103774,0.5298620429397318,0.0625,0.0625,0
0.5272338030391968,0.5245875271910447,0.19956223919140426,0.1806124685199954,0
0.5477130417144783,0.6125345169325512,0.0625,0.0625,1
0.4223661344541805,0.6332314084002169,0.12494939806798391,0.09867376644025821,1
0.4405006487868073,0.5022064378990767,0.0625,0.0625,0
0.5699178952418271,0.6275201753637625,0.0625,0.0625,0
0.5111122962264008,0.4611486692639678,0.19741009930572204,0.2861070201075646,0
0.5493026933765336,0.5996488085307122,0.0625,0.0625,0
0.35028799027071283,0.41175800411748403,0.2987013456733234,0.3214247251646203,1
0.5349650284968992,0.6053411385654615,0.0625,0.0625,0
0.5589281583328527,0.5004731407647711,0.0625,0.0625,0
0.5227659422456947,0.5251096183844485,0.20840419857583994,0.18255800264171063,0
0.5081330556038623,0.5575142405128586,0.28596234463915393,0.363877291977863,1
0.5113625041659745,0.3955442182253179,0.13816379495992606,0.19407205853478104,0
0.32264646745045006,0.4215831528089885,0.1987335953547407,0.14991546431840175,0
0.4547334626467096,0.4570091155207119,0.10298540776253008,0.1357443908835445,1
0.5253792718155188,0.5177224224029212,0.0625,0.0625,0
0.5237520532722991,0.5265393050433272,0.0625,0.0625,0
0.49873430447011985,0.5098764568977248,0.18992563392029208,0.11153959637028116,1
0.47748982579608423,0.5305561082078312,0.17873122980925352,0.2577792795945688,0
0.5270563199625344,0.5231173946112899,0.0625,0.0625,0
0.417392144328379,0.4771501619862677,0.14058425216782294,0.2781361942456344,1
0.5277696118429145,0.49598844913945256,0.0625,0.0625,0
0.5353547837399214,0.2817684274703942,0.0625,0.0625,1
0.5050752211613885,0.48853440323136094,0.0625,0.0625,0
0.5664693494160363,0.4174765319413328,0.0625,0.0625,0
0.4788671361458139,0.4174915049299133,0.3798553529580222,0.1379252193395742,1
0.5301465470224819,0.5142928680193461,0.12106414711161528,0.20314946110513588,0
0.5312486113423939,0.5093961038537134,0.0625,0.0625,0
0.4904270217718271,0.5103196868438664,0.09353402495724211,0.0753844733783449,1
0.3710652386130243,0.5082642650056355,0.0625,0.0625,0
0.41388055270620555,0.47491640928617385,0.0625,0.0625,0
0.46238348770503185,0.37069006989293923,0.22996617305633593,0.1616405582215535,1
0.5191836647130372,0.5005120599680386,0.0625,0.0625,0
0.5300776785115835,0.5312446040886525,0.15022378902170286,0.2136437044056304,0
0.5828420515973705,0.17866387720610605,0.0625,0.0625,1
0.5394768295253609,0.451633606709149,0.1482549486924069,0.17095948289382001,1
0.3855145091279867,0.5239364308001255,0.0625,0.0625,0
0.6445313489016172,0.4393523522980404,0.0625,0.0625,0
0.45766340197371064,0.5216870241274915,0.2211506673028996,0.4622966273819286,0
0.6700476483849412,0.6549714859948462,0.0625,0.0625,0
0.5234676843107382,0.4438933190794868,0.11067987760491271,0.2551827528009699,1
0.6497361717858735,0.36276494186681935,0.0625,0.0625,0
0.5791557116382184,0.3918991942572577,0.0625,0.0625,0
0.5298045508327434,0.5239028105483656,0.24056407071735667,0.19313979052434316,0
0.4752836003767488,0.5430190121521231,0.1254090050531222,0.221741385197244,1
0.5263363283808642,0.5184433449464112,0.13379584918828277,0.1842644738711013,0
0.4700508083154713,0.4228885394353087,0.22249359532478918,0.24813549672628937,0
0.21226080322729132,0.36325098931904976,0.07314859295542701,0.12477094300677333,1
0.5121257112971254,0.528564329522563,0.0625,0.0625,0
0.4957399075655795,0.501623063472393,0.0625,0.0625,0
0.49522058843764316,0.47826313062843084,0.19240324858651223,0.06833201988871211,1
0.5100187794662742,0.4943820233772947,0.42677373562925897,0.3704738251102297,0
0.49960621884521716,0.4952388400928339,0.0625,0.0625,0
0.361345881858981,0.38760739207013056,0.18640657247393938,0.2534044985948197,1
0.5220631589232421,0.5249423923970641,0.0625,0.0625,0
0.5457897901003426,0.5792022054497976,0.0625,0.0625,1
0.45928005488418305,0.5177068866915722,0.0625,0.0625,0
0.5015295712416743,0.34491935275062435,0.0625,0.0625,0
0.49585901797160375,0.30979023686011214,0.229171054604135,0.15563014446191142,1
0.5162197578893343,0.5177931956955228,0.2103503957148467,0.16633246631715598,0
0.5269295546571401,0.5258342864992616,0.0625,0.0625,0
0.5266210860601277,0.5047816113655571,0.06544737270861857,0.08675801304519097,1
0.45726848709231355,0.5146341569555116,0.0625,0.0625,0
0.39436871476908975,0.4191857351134072,0.0625,0.0625,0
0.37812354731443387,0.41359956271982307,0.30659183402430834,0.1588074381330264,1
0.5309570476091674,0.5258037400531073,0.0625,0.0625,0
0.5310915325862197,0.5307022213734669,0.20715936466123494,0.12876998064476625,0
0.4024027020038555,0.3481424197426344,0.0625,0.0625,1
0.36546609515817446,0.43714021408061676,0.13682965340927342,0.09336349632418495,1
0.5246103622213446,0.491773396008214,0.0625,0.0625,0
0.640687102384471,0.5363852361732966,0.0625,0.0625,0
0.5204826752761067,0.46211204105514764,0.3976251271577708,0.17013580050274893,0
0.5057364051130901,0.580404403544459,0.0625,0.0625,0
0.49382292959853474,0.5858489598347868,0.21693789187472975,0.3580885917195899,1
0.604298241687899,0.6221314138023659,0.0625,0.0625,0
0.4408661838386658,0.6499088768731209,0.0625,0.0625,0
0.505353735085056,0.5052540235342252,0.08220825270341472,0.18298818260548413,0
0.5057378438625899,0.5328993994474645,0.1716188251852716,0.16072795474906718,1
0.5086665655328197,0.48946061519927647,0.19109748118574063,0.23091998015086032,0
0.5171893476571667,0.5103325755219345,0.1324338173371419,0.44359944201435697,0
0.4132302627582784,0.47804157210916387,0.13678272191515733,0.1465952188988489,1
0.49866842455353383,0.5290441171599068,0.0625,0.0625,0
0.5194065335831031,0.52771856136687,0.0625,0.0625,0
0.46524176016523583,0.4545176314811912,0.2302519308160883,0.07488215028569885,1
0.5174469858208441,0.48361126277270633,0.20194415520077677,0.19574720135475465,0
0.3601696398114259,0.4642114903004651,0.0625,0.0625,0
0.35235348176220216,0.3547702590580403,0.0860860252800437,0.268092216951595,1
0.5073413352430487,0.5268697790270911,0.0625,0.0625,0
0.40945598736631894,0.5309089074461306,0.0625,0.0625,1
0.3456112467899832,0.4419114601877103,0.0625,0.0625,0
0.4089697493523138,0.5165251716265893,0.0625,0.0625,0
0.3777867167276166,0.47516986858493815,0.2876593863874275,0.4485119542458417,1
0.4975428319488155,0.5107628171802603,0.13048150079559567,0.1587547782693593,0
0.5260088814022567,0.5311911258916272,0.0625,0.0625,0
0.49394203531080405,0.4472556779115494,0.10239125968018203,0.0690537653345275,1
0.5221525277393206,0.46413663245829817,0.0625,0.0625,0
0.4837651564703425,0.49778477178122055,0.0625,0.0625,0
0.4727611420112222,0.4765351829154968,0.12449984562665495,0.3339497431492229,1
0.5303109843830468,0.5045923541630079,0.0625,0.0625,0
0.5138522231597573,0.5305828885022291,0.21923046165792084,0.15711906749713284,0
0.551669142323979,0.4681162489279112,0.0625,0.0625,1
0.6530436887606016,0.3826082403492317,0.1279991517498174,0.18514297671535818,1
0.40921375174882246,0.5253511767116841,0.0625,0.0625,0
0.6008314985460261,0.6401076894382642,0.0625,0.0625,0
0.5103364834345776,0.4789675499781243,0.27425007696716563,0.2621960002818637,0
0.45807799222035,0.5202019004679855,0.0625,0.0625,0
0.6166602543448734,0.545249803314216,0.19071678584264032,0.2242222551556492,1
0.4559289834261113,0.4498694986233868,0.0625,0.0625,0
0.5319477012518694,0.6623603854168226,0.0625,0.0625,0
0.49980101915835584,0.5059394432243918,0.12519017204387942,0.1440243347243365,0
0.5278940114083686,0.4930566325012046,0.30782834973760564,0.2626572065970023,1
0.5151820849984212,0.5153219143759683,0.2966098003502664,0.4236349923211105,0
0.5157955142348307,0.4601935624357094,0.26482702705088285,0.14016720340885078,0
0.5207999001449273,0.3600306002138534,0.2659111260666888,0.3664246246434559,1
0.5178878744691201,0.5085113953112542,0.0625,0.0625,0
0.5256819831022939,0.5271973610518439,0.0625,0.0625,0
0.4933489973209413,0.5155103204856465,0.19655924072230124,0.14627695721419515,1
0.5289823566557132,0.5177925611032601,0.43144813124235987,0.3415251125624779,0
0.4992299446970177,0.5085046812784766,0.0625,0.0625,0
0.4532466347948491,0.45515831325660916,0.2297224252424778,0.2992165556883303,1
0.5174815547240726,0.5202403653481105,0.0625,0.0625,0
0.46028913074874944,0.4200046659632968,0.0625,0.0625,1
0.5107373315327335,0.42140000330112676,0.0625,0.0625,0
0.4020895812455579,0.44452611241810003,0.0625,0.0625,0
0.47116068844755754,0.45084875208614794,0.395051316553953,0.18702062589449753,1
0.5284997668787963,0.5312323190831726,0.15659082369017507,0.11427812148463655,0
0.5216634814663913,0.4970709831097368,0.0625,0.0625,0
0.48507674396409867,0.4749720228407541,0.06581978262721636,0.12546682539648946,1
0.524022081774848,0.5106117403773569,0.0625,0.0625,0
0.5038438196537488,0.5020341477346248,0.0625,0.0625,0
0.4255159458209856,0.504740421205196,0.2947266440750018,0.2245591923882017,1
0.503041977429415,0.5312322677645489,0.0625,0.0625,0
0.5266771464034852,0.5111395698111014,0.13639864983754912,0.2373965688338906,0
0.4201316334366035,0.41623333703310783,0.0625,0.0625,1
0.6436776519488818,0.5227886649712765,0.30360543400582857,0.124907840959933,1
0.46328686826316373,0.4969304673894137,0.0625,0.0625,0
0.4502122667725474,0.5834917122559784,0.0625,0.0625,0
0.4097209511081227,0.4979069169101514,0.4025655012849761,0.22986001806891504,0
0.6183170893857753,0.626326944688782,0.0625,0.0625,0
0.29337410343087,0.595456260328323,0.21793901294378523,0.19638893612880726,1
0.6091072125995852,0.6326543215838685,0.0625,0.0625,0
0.4449036730418275,0.4517897327350913,0.0625,0.0625,0
0.5200298887274855,0.5269978679247393,0.18569866821375194,0.14542593879188012,0
0.5395793929959829,0.4927082966653811,0.33918068697509324,0.09228932262873976,1
0.4893229179330435,0.35243263093428656,0.2940747265007896,0.26805776810047743,0
0.5276881593378036,0.41221103279627397,0.10940660635212036,0.1226903549314169,0
0.43082709634747013,0.24431758972890108,0.12049154688603012,0.10612761621817021,1
0.5097641539871576,0.5069596609797047,0.0625,0.0625,0
0.5219723133752732,0.5200183187955721,0.0625,0.0625,0
0.5091622979361892,0.5086229001803841,0.19785762345427588,0.1954877696102119,1
0.43828247786669333,0.4748746190802741,0.37957697034298926,0.23686812187471235,0
0.4538993202499359,0.5136701111954259,0.0625,0.0625,0
0.5226534091977029,0.3716669393140047,0.1447058163554102,0.16181109484274736,1
0.5199192239665021,0.5224507952305142,0.0625,0.0625,0
0.5575063937875766,0.583819900899099,0.0625,0.0625,1
0.5274725227194729,0.5086073338519528,0.0625,0.0625,0
0.4342580348602572,0.6402240217013018,0.0625,0.0625,0
0.3260060786053038,0.2349916055356578,0.28225128848440706,0.39832107522555565,1
0.502782585319472,0.513118164468414,0.1948392678969376,0.2081186139753224,0
0.5294993319287833,0.5300261114990239,0.0625,0.0625,0
0.5262375670389554,0.4909800817298263,0.0651392508844196,0.132472307997803,1
0.5173601737400514,0.3663002887184497,0.0625,0.0625,0
0.37387784098810595,0.5101203889128185,0.0625,0.0625,0
0.4302637119552883,0.45902523028506725,0.37013006990234176,0.1463406311310633,1
0.5002909243051915,0.50572928980129,0.0625,0.0625,0
0.5206760774685881,0.5157103243152266,0.1837000860390797,0.07687007640532136,0
0.6173566790354126,0.5421901707209729,0.0625,0.0625,1
0.6228853842558854,0.4309657041005209,0.2520816004797669,0.20728009810532724,1
0.4655284252148018,0.5210788025469711,0.0625,0.0625,0
0.4839117886176598,0.6367510294519629,0.0625,0.0625,0
0.5109113798222713,0.4963124299510391,0.13596606837513442,0.4270914234511431,0
0.369538056545291,0.6327523893092742,0.0625,0.0625,0
0.49135008348110204,0.4364963542288452,0.1435931043167416,0.3005045151287842,1
0.49086097201168744,0.5761082978898114,0.0625,0.0625,0
0.3546309527836502,0.3412411757502161,0.0625,0.0625,0
0.5216720007197104,0.5272663473229509,0.07427735109284944,0.07190374851835916,0
0.4956624228287321,0.5073362136744521,0.09807039149354879,0.09131985827256327,1
0.36915393605147445,0.4754055191564847,0.18881858901943024,0.21593378827718743,0
0.4816998405938437,0.5183082918448141,0.2078293946770436,0.2292173571492962,0
0.5145367249929628,0.37940182751884843,0.15383955316049736,0.2731479025135089,1
0.5259944739260805,0.5139280596213314,0.0625,0.0625,0
0.49841201103866445,0.5288609729426351,0.0625,0.0625,0
0.5200668447092016,0.45785815934540375,0.19795976235524493,0.16303282377486017,1
0.4863918650756895,0.42747021291004883,0.28731123360996047,0.21279793503858768,0
0.5029470399503184,0.5278333923095462,0.0625,0.0625,0
0.5008648558404345,0.3134724220544216,0.2104655353846536,0.1945115524374396,1
0.5277520601272576,0.5146515890227947,0.0625,0.0625,0
0.4999002190691585,0.6540777066156678,0.0625,0.0625,1
0.44238023484905925,0.49738071090440156,0.0625,0.0625,0
0.5061473800666544,0.3838516996346673,0.0625,0.0625,0
0.5083058735342676,0.43655770954549145,0.2574064246780239,0.2316350753999842,1
0.5266717651304793,0.528364306660807,0.13093074461881227,0.20041626931833167,0
0.5232130639893354,0.5306117416117512,0.0625,0.0625,0
0.48894837607391106,0.5038840018338213,0.11008526880746738,0.07267063297259967,1
0.5280421531666825,0.5067478438250206,0.0625,0.0625,0
0.5300469895868709,0.43191882870369996,0.0625,0.0625,0
0.4295685490664479,0.35674886802037314,0.07815429027156102,0.11196882715145456,1
0.5208440094131466,0.5255686871058631,0.0625,0.0625,0
0.5306866838554125,0.5034757320076152,0.20500730178073187,0.1194378317151967,0
0.5925223751142756,0.6160690323359429,0.0625,0.0625,1
0.5799945813190281,0.49172583572742395,0.20018298915781418,0.07870592679382815,1
0.45971507804722156,0.5150364048293512,0.0625,0.0625,0
0.616846855432646,0.466662003812234,0.0625,0.0625,0
0.523355496099433,0.49503050628886924,0.12345835196434063,0.25286813491962734,0
0.5056460438101678,0.39726552906545876,0.0625,0.0625,0
0.4598536385241912,0.3368932596480405,0.11577851001805642,0.1566929163543896,1
0.394696899769353,0.5925298961189948,0.0625,0.0625,0
0.5550207396145562,0.5826437463582016,0.0625,0.0625,0
0.5312407498843994,0.5073686784513238,0.07605277922926854,0.07213738288804407,0
0.4780362425047843,0.5680104725390115,0.08378287157100181,0.2299733288369667,1
0.4418577101498982,0.49083441182700227,0.20216990775517973,0.296179185110171,0
0.49998391594559305,0.5082960782763188,0.2757965292676845,0.2797538007611353,0
0.46139941782275734,0.48098693237783324,0.18165134797250013,0.1110155435661947,1
0.5250798259622048,0.5014291488317906,0.0625,0.0625,0
0.5106681308065083,0.5149948059400281,0.0625,0.0625,0
0.5214678721202508,0.5231774536329441,0.1742938059588391,0.18664333410276007,1
0.4366053514693384,0.4858438681466995,0.27596853696084084,0.2044860695029499,0
0.2880668329828816,0.4873703010573523,0.0625,0.0625,0
0.43926378627342727,0.4571206269498758,0.3327838125936839,0.20966449968428255,1
0.5141895416749525,0.5070936547857737,0.0625,0.0625,0
0.6192878569474336,0.5087716185281481,0.0625,0.0625,1
0.5268962302049562,0.4841807618782084,0.0625,0.0625,0
0.5238274482926354,0.555530278370501,0.0625,0.0625,0
0.49544029588292604,0.28370013037731007,0.2568229495971093,0.12733647015238064,1
0.4987408560945865,0.522331942790794,0.18264292939440607,0.1969601531231523,0
0.5236538035774028,0.499946254511014,0.0625,0.0625,0
0.5190369742530347,0.43329474569826104,0.06620738951388619,0.06384173040649004,1
0.5233395966988447,0.4789233697842023,0.0625,0.0625,0
0.4080146249189849,0.5290003913047494,0.0625,0.0625,0
0.3634691538334821,0.38443833327772275,0.184269523924736,0.24296455701461336,1
0.5050370707786038,0.5312294280753813,0.0625,0.0625,0
0.5215435301039786,0.5274916248936631,0.15443154405234594,0.06276272899474106,0
0.6457151096554191,0.6800722968254367,0.0625,0.0625,1
0.48675243993387374,0.48618565084026844,0.1405317614480358,0.16514517321357522,1
0.44321427316504186,0.5182066629959052,0.0625,0.0625,0
0.440188297423643,0.5412442269583428,0.0625,0.0625,0
0.47422734070397593,0.530886650645225,0.10928692533479695,0.22603711886370897,0
0.6049332655274496,0.5487448226385099,0.0625,0.0625,0
0.4910448087039203,0.32943896351008073,0.3605040399990045,0.28211434645997385,1
0.6244087465513517,0.5761000421006546,0.0625,0.0625,0
0.5479586915517956,0.33882507418765856,0.0625,0.0625,0
0.5198940071871216,0.5297658780666148,0.0787466283177147,0.20461382040688056,0
0.535328012214779,0.5156731073415355,0.20651308896663634,0.3550085036456429,1
0.47168133982675253,0.5193663986003794,0.28068859434385546,0.20785195563131273,0
0.4909569005748964,0.38121777953707814,0.1835264431857368,0.14376305800294942,0
0.43177146519437704,0.3338867395113418,0.17934274506081405,0.24256556151782943,1
0.5274945572145782,0.4975612948401601,0.0625,0.0625,0
0.5166267263675695,0.5267172211803894,0.0625,0.0625,0
0.5041687567375386,0.5144847598391331,0.0716035198803493,0.08314108533642704,1
0.4853629576763362,0.5068194125981582,0.4258950611446841,0.26080484431845263,0
0.47023944940561,0.512682625958095,0.0625,0.0625,0
0.30373157370542825,0.5167679161232728,0.21864915007820976,0.0989276123226561,1
0.5247625404104066,0.5312354748310222,0.0625,0.0625,0
0.46685595068520014,0.3690775012473214,0.0625,0.0625,1
0.5189733232842286,0.5024992014002753,0.0625,0.0625,0
0.4666978594743627,0.634724589350396,0.0625,0.0625,0
0.275824378673578,0.48525990039666345,0.2000813420702158,0.22261405756798897,1
0.5106460573932848,0.5218525021372431,0.16080012964106866,0.18711536069975462,0
0.5312324140400556,0.5177820047533483,0.0625,0.0625,0
0.48189273308089664,0.5020066143442936,0.10675845216444099,0.07570672577977701,1
0.515501681052502,0.510587407245501,0.0625,0.0625,0
0.5271036476048387,0.40153686303866803,0.0625,0.0625,0
0.3415001010023542,0.4671225005808996,0.23155783977311828,0.17757417612650428,1
0.502619638340746,0.5266464501020836,0.0625,0.0625,0
0.5051176956234675,0.5220488961969627,0.0983369227097494,0.19087638507582952,0
0.5653051388560552,0.600030346181408,0.0625,0.0625,1
0.49626305274274907,0.42153284770471,0.1498823450626881,0.07905995633047441,1
0.5224239272821551,0.5209860916122119,0.0625,0.0625,0
0.39238170719582965,0.6115682770237799,0.0625,0.0625,0
0.47505183560884645,0.3974120426472175,0.18321317962543648,0.08473604382725256,0
0.3382492881928769,0.5723314837637946,0.0625,0.0625,0
0.45661077686796275,0.31820466234446204,0.09382695530455411,0.43542522024623326,1
0.5484751576279782,0.5332534327741534,0.0625,0.0625,0
0.6081524147186073,0.49559930382916983,0.0625,0.0625,0
0.5079066192534779,0.496901580971529,0.11862842096079027,0.07363059246282957,0
0.5303743872722343,0.48845208363958575,0.31663494070028014,0.08744031114220013,1
0.48981898973467525,0.4487457599393346,0.08064022007834565,0.19353598022711396,0
0.5212422378943742,0.528537416188198,0.20760971758376448,0.2736759904735079,0
0.4496848183879808,0.4435208149965334,0.09377209181954915,0.13229351858143643,1
0.4994988565135788,0.5305004692855659,0.0625,0.0625,0
0.4998386271859448,0.5239042732433238,0.0625,0.0625,0
0.5263859131035784,0.5258070002417046,0.21474476673683673,0.0765442420601261,1
0.5058117215609361,0.5035414027474415,0.12874392823838776,0.1156843159770457,0
0.48530201554394864,0.5289097776672251,0.0625,0.0625,0
0.4157199371450409,0.4451439117879754,0.29531132006897054,0.2758968598175276,1
0.5298643496552973,0.5276148306443326,0.0625,0.0625,0
0.48402927195278495,0.6552129334588694,0.0625,0.0625,1
0.5037257877739498,0.5309572221384605,0.0625,0.0625,0
0.46074772017112325,0.5662506522338079,0.0625,0.0625,0
0.4610419950580693,0.40517720805561863,0.23438896031260525,0.11506215138158228,1
0.5188536060651303,0.5055768821399036,0.1723311206972309,0.1783538029214609,0
0.5108572702695042,0.5248446652487322,0.0625,0.0625,0
0.5186777676883875,0.5240425806819293,0.08545080819558237,0.10131664101464138,1
0.4376617216557404,0.42913016715044294,0.0625,0.0625,0
0.4266563196746229,0.5312187919866793,0.0625,0.0625,0
0.4234368036057313,0.46587375860982083,0.3537263862510103,0.24737888408776132,1
0.5312498739185126,0.5292390960058132,0.0625,0.0625,0
0.5087783583562444,0.5308160028549207,0.10319004618725816,0.1488505552892666,0
0.4544022309444792,0.5489986365161517,0.0625,0.0625,1
0.6237008758623375,0.5885658304399651,0.1987032695556888,0.08273404981181809,1
0.5085597730638681,0.49244068622990206,0.0625,0.0625,0
0.3611070921033532,0.51586589179758,0.0625,0.0625,0
0.4301748160498229,0.5242179721157827,0.18393270256433034,0.2219879690654462,0
0.40537103119403856,0.6108824152187082,0.0625,0.0625,0
0.5125000587580161,0.3272266724368596,0.134951851899891,0.4654843739737036,1
0.4382721604332184,0.5697973944127421,0.0625,0.0625,0
0.47425469739623943,0.5422257022020189,0.0625,0.0625,0
0.5222636043783198,0.5312290860681869,0.08852595846143724,0.10087346009709616,0
0.5062200177423692,0.46301392277601505,0.18569706558826252,0.189484579004311,1
0.4687938183736576,0.5121168781949647,0.2754162139094248,0.274014220684231,0
0.5089237971221099,0.5018846857208882,0.12819816695680455,0.22386766565173102,0
0.41146032952482237,0.44332014088253024,0.21988279877158515,0.12234769602054149,1
0.5237121303311818,0.5220851803279232,0.0625,0.0625,0
0.5297807223158545,0.5280647739706863,0.0625,0.0625,0
0.4755138229916406,0.4580005823204463,0.205508589258204,0.14934816739400544,1
0.46281990252526506,0.4849837395536286,0.22482260970955054,0.2789446670087935,0
0.5285434584554103,0.5143935595678124,0.0625,0.0625,0
0.3067860889090215,0.48409734607157096,0.14789906284535376,0.278787807440612,1
0.5098354058178399,0.5112808674008522,0.0625,0.0625,0
0.6339398698701062,0.6250698448986572,0.0625,0.0625,1
0.5141126218610328,0.5243128690701944,0.0625,0.0625,0
0.6240096885873317,0.6170219657055257,0.0625,0.0625,0
0.48885447412924615,0.46180851481831264,0.30988756417719215,0.22362516014033634,1
0.5278415705476259,0.5297492612595149,0.1450452690172997,0.11498901160886664,0
0.5229141256755881,0.5231352381393886,0.0625,0.0625,0
0.5253760546827225,0.5309981979467481,0.0744110300848063,0.07419013283080628,1
0.5169766603644144,0.5119321284575741,0.0625,0.0625,0
0.5047364707939013,0.36066189711260704,0.0625,0.0625,0
0.4790674776637433,0.46172843412257186,0.08174180240597262,0.32978130592130644,1
0.5312487041226193,0.5299960794805166,0.0625,0.0625,0
0.5251731790921799,0.5171270119276856,0.08281296872946192,0.1345464719573963,0
0.5734400730184106,0.49126797209371864,0.0625,0.0625,1
0.6224005424495127,0.4316915042614155,0.10438200109118251,0.06951472299887933,1
0.41440750699608936,0.48366177860903065,0.0625,0.0625,0
0.527665624897286,0.5463189056518365,0.0625,0.0625,0
0.45692883674018486,0.3964386980711285,0.27724896389861997,0.30949136942285094,0
0.4239552603102418,0.40536787661628665,0.0625,0.0625,0
0.5087799552252942,0.5168459424311813,0.5177373883763233,0.24772083509478487,1
0.5470791924359779,0.5013470536195963,0.0625,0.0625,0
0.4075014251626005,0.5375864185041124,0.0625,0.0625,0
0.5308803091225558,0.5111508153999724,0.06743387049366875,0.10485965404371089,0
0.5255897780340084,0.5273843386355295,0.371011725522419,0.2180991273533452,1
0.43772630264409496,0.5069799461935192,0.2952984753161989,0.22882081029259294,0
0.5015032112586973,0.45043225158419603,0.3318666773985447,0.21502406755998596,0
0.4714000292135646,0.40198209834115217,0.13555440596440982,0.095952929182865,1
0.5274310405304452,0.5204110358169001,0.0625,0.0625,0
0.4967939440213487,0.5169865240250566,0.0625,0.0625,0
0.5270621928863343,0.48028162784238393,0.1278893718300373,0.14282116064522477,1
0.44174914556046063,0.5164514746377897,0.2192186209263075,0.21640120323809636,0
0.47662877885970834,0.4668580402057315,0.0625,0.0625,0
0.4521363402890977,0.31660232095467666,0.1972595661881565,0.1672630859264708,1
0.5072601766491533,0.5301882629827762,0.0625,0.0625,0
0.5270954558738687,0.5010048391513511,0.0625,0.0625,1
0.5040145192863079,0.47574194626072897,0.0625,0.0625,0
0.6515434611982407,0.4642543238828632,0.0625,0.0625,0
0.44388685872273054,0.4496420478488379,0.2707683179415874,0.23774092416407708,1
0.5081532875143285,0.49916123352050507,0.08119184518287821,0.21469760768248022,0
0.5176383726441077,0.5153633373184143,0.0625,0.0625,0
0.5272162071637423,0.503117666407521,0.06552262508701125,0.08305858705503769,1
0.40441754310272376,0.461073804149519,0.0625,0.0625,0
0.45139520213971984,0.5271175166635429,0.0625,0.0625,0
0.4465506724448055,0.4064431513261726,0.1887643129543972,0.3722817108238123,1
