0.43075129471322615,0.46002595071004193,0.49459527883481147,0.4680081417651656,0
0.45587813360453056,0.46794060706153884,0.48663219852961753,0.5089909058984254,0
0.4766119719106716,0.4183149806500891,0.49653833013912385,0.5295999252912686,1
0.23864240611718154,0.4353517678387251,0.3783314956125288,0.3883333891299086,1
0.47654013267028894,0.3184990996137858,0.41241087163729934,0.313843136557024,0
0.5498168607702558,0.5229521901141068,0.4403025472915474,0.5981995992343668,1
0.5141140969547655,0.522688700716314,0.5525868483531258,0.3829574834710342,2
0.3634036763375051,0.39905319750667945,0.4854280040833442,0.5193058827905399,0
0.3989287137189096,0.35584875085663237,0.42669853767369226,0.4417672140052393,0
0.48856215889683524,0.4151424553417798,0.42454439054536336,0.5162065227954009,1
0.34833949041998774,0.3152146760271372,0.3342782919853673,0.4779960072832614,1
0.34364960643693376,0.41360205247554227,0.38875330939396835,0.5094180747533164,0
0.46165310789908715,0.3838139596321798,0.4333286583521294,0.45880379804349425,1
0.49883985565134853,0.4524952886208128,0.3239074750309273,0.3390614421140953,2
0.4610073167916202,0.3814826260726093,0.41488906841132733,0.527315874554014,0
0.5108991958314398,0.4045859030057241,0.395192102118444,0.3440045007805272,0
0.4460605401811692,0.4601167184987165,0.37809175084634655,0.275739754387184,1
0.39520370345178857,0.3121480553452297,0.48651496505819614,0.22909185238970592,1
0.3575405752887826,0.4558138557594321,0.5029125893418727,0.307006183917614,0
0.5091137989446841,0.35250896839692175,0.5280105493471942,0.40604009533696506,1
0.4588267929443034,0.6063996919982322,0.4107498092803968,0.2742306704479598,2
0.46068994710638855,0.46307520818635933,0.4037357050195017,0.38429866732859536,0
0.3913737187549263,0.399940923600853,0.44760976545132086,0.41727890281876134,0
0.38157249548811034,0.3577856702557677,0.4589000181569515,0.4130400240783632,1
0.542265693391622,0.3243448904910743,0.407703803485542,0.4714424822283499,1
0.49317458461780395,0.4988777580231478,0.39476781662601285,0.33884903068770844,0
0.3934682037801765,0.4592647517441053,0.5086590747004394,0.5451055012031739,1
0.2487944773678084,0.46374880623794956,0.4767713457888051,0.5443647503181699,2
0.3690475544917976,0.48090988217235364,0.43605144400618984,0.30101418636143573,0
0.5184487334189625,0.3921042144378394,0.4450264993507389,0.516392035712377,0
0.4430765342780783,0.49886986438800973,0.5195986867571025,0.4412538324223987,1
0.4424034617973443,0.4161474925731744,0.4923653320657254,0.4791800781783827,1
0.438735773881887,0.346353135004763,0.48144809149510215,0.4867795074765115,0
0.45629151523377864,0.5693779190104635,0.436126568525444,0.5358558750200655,1
0.37452754583199754,0.5177639178146587,0.3538395637220816,0.4210067419600292,2
0.5077256292292586,0.4639357358683889,0.3985871954421631,0.48144569691599653,0
0.437912946274717,0.35003724234882416,0.38620054011922966,0.42447697374636567,0
0.3739850322905842,0.5178220432239007,0.46653931971861645,0.5140458864922577,1
0.25700367428393806,0.2616860476552151,0.39280455413996407,0.463303349416166,1
0.34686489933719633,0.5094013766792371,0.3429679435192439,0.5064153785913809,0
0.5798560069363196,0.38456926966742605,0.3140720479738467,0.42927068952893144,1
0.37984772811561485,0.5325716862207259,0.4689351860296859,0.39025147764831947,2
0.48863258827385425,0.4254679986788803,0.47899330183095373,0.47787330099488157,0
0.32077217546300796,0.42295944140535685,0.4978936668241237,0.4239424261483184,0
0.4702255206268032,0.5072596997737998,0.40822069507495284,0.38175666650050294,1
0.5390924180026414,0.5397351785192165,0.5371711621001344,0.3905907661883346,1
0.3476431915676624,0.44981365239439886,0.5028381691413477,0.47725791211679525,0
0.4918371579987516,0.4379335955974642,0.45253861256333505,0.3380785402596908,1
0.5390008687849074,0.4316746628498923,0.3540164109224203,0.5385634330200761,2
0.36719697130044604,0.45191031574080615,0.4984263355908393,0.45417630498650574,0
0.4118050209803047,0.4678056006697541,0.4218905479588382,0.44109677873294,0
0.3618547071451322,0.46658777152473085,0.5337083127358856,0.4806096068341768,1
0.5099945910009529,0.4893473828152594,0.24051939651070048,0.40832108281909657,1
0.3415037284244714,0.5138514674879897,0.5200041760949841,0.5185811446514575,0
0.5673866651476475,0.49951482143207615,0.5514325213784868,0.4080922237718017,1
0.4516141305431014,0.49278791196564387,0.32251086079278335,0.49946998389726616,2
0.3547758765987234,0.4088637605910281,0.4852454399360556,0.49084408110706046,0
0.4695082805006507,0.45969943713794037,0.41877930895480553,0.4866335224902881,0
0.4177984493067398,0.4184769314281535,0.32147537633468104,0.5392921378374527,1
0.5595226692206416,0.35544178111367936,0.3623612628602603,0.32261066951861916,1
0.47211067045726796,0.4705457163871404,0.4419614873515916,0.4490962480333852,0
0.4055559163172913,0.36650734975805577,0.4122819705188905,0.514439871384961,1
0.3875593655219123,0.5988459706138689,0.5209695356135285,0.40579280307149873,2
0.44072980018620606,0.4693754115241925,0.41432764267390865,0.3238282051451427,0
0.37578119860251874,0.3777635184331554,0.5180658561930476,0.41320775393049136,0
0.4487143585940551,0.33562069062234867,0.37205634311509433,0.448964242154907,1
0.36837181644574796,0.3342135630618898,0.37133372606320636,0.4380032972399256,1
0.5250967972198068,0.43941636307213666,0.4765941875633908,0.4111232021073326,0
0.49253719780655913,0.3678171399184238,0.39845170579656264,0.4162158393779388,1
0.29956944300983085,0.5223182635305417,0.42529445267535637,0.458398333520978,2
0.40439327504593736,0.46423053926390156,0.45039676498577,0.36393992128907415,0
0.48833736923290016,0.4024360356574616,0.48966072816988565,0.4878603203297921,0
0.3887573725773327,0.5220205949843177,0.35029841948555607,0.42123296429714446,1
0.506141186660042,0.4608467526493113,0.37274942858889093,0.44528249366133665,1
0.40087847893069906,0.3250023173589053,0.516547438549558,0.5149723549254499,0
0.4799883642446481,0.40493543223854356,0.3387893330065731,0.4408936559363089,1
0.2964766190451643,0.5687715857823648,0.575722946915311,0.6108943026169906,2
0.4069550244408301,0.3423912567853824,0.4621919982004309,0.4412259060021717,0
0.43421728687768596,0.3270433619101455,0.46050397288999495,0.4569093964434978,0
0.46403722996933666,0.2626682021650564,0.47285443303437935,0.3508815751690785,1
0.29523397307496424,0.39082361960157297,0.3814724116605185,0.16781390572634514,1
0.40945485089214145,0.41926025160783087,0.426511398719648,0.4877329750013461,0
0.3523121731205263,0.4752868032222571,0.40515371086114726,0.508648708698982,1
0.4902157804571296,0.5110863352577606,0.3966674658085359,0.5537877397099245,2
0.3805110877801445,0.5272054801223451,0.4117053821033036,0.42090435042569196,0
0.37748851276860707,0.2978368644231857,0.48791293255252094,0.48012989938054074,0
0.42787439937852173,0.5197028183116206,0.5194780074888716,0.4260475148733676,1
0.4406862213922471,0.36564830624822026,0.3683007272399086,0.5529891365940496,1
0.3746353877813472,0.4408652545021899,0.35421549713460354,0.37691419031709805,0
0.4608181665821571,0.36838159728864805,0.41542636760987806,0.48194400337570015,1
0.2518998523385402,0.468237940264155,0.5031293426779281,0.4984586419587792,2
0.4716868897868277,0.3421458320806794,0.41722354991028515,0.5290170365624416,0
0.5036345005734651,0.4438121040601839,0.3971036292875443,0.483392591982221,0
0.35939991814762806,0.39828484131206937,0.5168231615477124,0.5061016385397369,1
0.5272338606816462,0.2807475211391748,0.4054501706006819,0.4531426633059557,1
0.43740942071334943,0.47068493497432157,0.4657065508096114,0.3390069506901856,0
0.37486088649300453,0.34023598519680115,0.40766217951073197,0.37694315440752396,1
0.43015360819148185,0.43534707406620565,0.3700745949722116,0.5635120749201784,2
0.41307783491958205,0.3189405429291957,0.48055866916010553,0.3431212951075556,0
0.45576459951721926,0.3239212164357188,0.4392057493819539,0.47928648400858936,0
0.47794620450975384,0.34478988564842755,0.49367310282331617,0.5366644048115363,1
0.5170994179650216,0.43555880519189316,0.3597756399840432,0.4056029980725946,1
0.4758263687264698,0.338348374559603,0.4267771828122859,0.49347914252718394,0
0.5253409036560304,0.26305107807093137,0.31456144191323887,0.5679792173921459,1
0.3492834592151859,0.5505663879822685,0.42042595664089855,0.5610291809584339,2
0.4558288124000311,0.4200565323608344,0.35493678313472476,0.4220240405957798,0
0.4434273197931765,0.43220567545455535,0.43030024375001064,0.5066556548748813,0
0.38483366057618174,0.5202002296894752,0.4538485967208333,0.4615295706688234,1
0.2946909142651215,0.35349128040287736,0.487048466171429,0.4861014663898418,1
0.4362236380554941,0.3416063990561766,0.5124542304889912,0.3061843601618366,0
0.4811191209659816,0.5703726311424913,0.22173079678841198,0.4047039221167828,1
0.36677184157948006,0.44734397347901783,0.4032344453199847,0.5691238398984289,2
0.39398005553742044,0.35228178931691784,0.35570333741945737,0.4444119088167231,0
0.5054015750573946,0.4061583575805763,0.34711489257052097,0.4804686810576272,0
0.42409652957588523,0.31436355107813696,0.3124138407374629,0.32831145598712497,1
0.3545528553998264,0.5033668345486542,0.4452278305051573,0.4665540558587852,1
0.4233577556138451,0.45137347850140164,0.5051465743439216,0.3464582337204684,0
0.3486207316856501,0.582285030545735,0.338288735427415,0.3207894603798523,1
0.4997819593875441,0.6246768928331202,0.4623164079798413,0.35710904127208454,2
0.42929559541296114,0.3724499421287968,0.4619316526402398,0.4837713973003077,0
0.3416039228566426,0.3595259611502855,0.41976679997947103,0.4167466429552705,0
0.519611078382531,0.3011989402657016,0.4818558525210007,0.25521919804679316,1
0.46000357769539313,0.2152994688055328,0.35312857580584067,0.32022985509192714,1
0.37783293973624105,0.5210520468247204,0.4610781950038883,0.5084609239238322,0
0.5346017818637633,0.38220090226267656,0.3106388282170152,0.34521448949564165,1
0.5292223962322387,0.4950168963472249,0.4452250773357317,0.4642449240019552,2
0.4839513313052639,0.3901731994394972,0.3333129047793061,0.36838643862450265,0
0.44853984194141294,0.45045698769029796,0.46081545984916483,0.371822841309449,0
0.33312208432420287,0.26564001042413105,0.29213209994393635,0.4431112812956659,1
0.3903989923628171,0.3381688849919186,0.31976120103169736,0.4585134595385085,1
0.4892156723996096,0.33648343067146075,0.5021818862465066,0.355182473355507,0
0.4378316011293021,0.5421995962533284,0.2885535187312288,0.372446352802413,1
0.5938851549359063,0.5065314397617001,0.46693125106418554,0.53185678068733,2
0.3692485548825129,0.5234334682313784,0.44779633794206397,0.3256733721389967,0
0.36649216427095954,0.4393807575580569,0.4168338744807101,0.39621517455622507,0
0.368221396689199,0.4550501380193659,0.3688068557703504,0.24387382355281473,1
0.517639630092448,0.3428262900914,0.41608454647748255,0.49957453643890454,1
0.3290215381399627,0.4468588143984479,0.45637861822515086,0.3770185289715044,0
0.4667215189943394,0.47122403445251915,0.394554646383597,0.35204921441922365,1
0.4932542807732916,0.5859538273108309,0.3145545797382369,0.5899909427211275,2
0.5212112804925133,0.413546937749393,0.5196597722796437,0.3374228538669882,0
0.46849246587656185,0.48872709336076253,0.4146296445452159,0.41006912003596196,0
0.5237116964249382,0.45956669123058136,0.4698484728429697,0.5228222117111816,1
0.4447170765852192,0.25962552748989015,0.4560898588832467,0.42845139160311524,1
0.4611395691513572,0.31422770636890196,0.39584846958615,0.32143080740389074,0
0.5847574498753424,0.6206626933642516,0.49063835743623196,0.3684157238890782,1
0.45938136372880717,0.5471046643539674,0.3590943515449185,0.25086696560816873,2
0.4781157722861955,0.4429245211324514,0.3491195380795544,0.4582287909673466,0
0.4646241179689795,0.3458228954074149,0.5046076568307032,0.4523418726140914,0
0.4651994092556099,0.3542538441438887,0.5123371236815326,0.36180626978366986,1
0.3039685691301456,0.3003662707950828,0.5176294606882724,0.3036153416900573,1
0.47320883114266926,0.5025522467903563,0.4158706389080738,0.4937405918691262,0
0.3820258609754128,0.41438496470454417,0.4377313467688866,0.35072333141687795,1
0.3249851437123956,0.3176806233966953,0.47510720805141593,0.3084993321603445,2
0.31883073290638264,0.46876001210397705,0.392383351842265,0.34984618846366233,0
0.419410748882485,0.4820469693472341,0.5084319116957304,0.47203325178227545,0
0.2975895758089402,0.3625106531289472,0.45729884543599936,0.4014220791742587,1
0.5052593476472416,0.44745316748656905,0.46440658519558564,0.4070864146623814,1
0.29464912135006804,0.4776765381438994,0.4533197530183723,0.4650590765059724,0
0.491880814657774,0.28109955363362105,0.35131900599266963,0.4371922126102487,1
0.5664276848507523,0.5627422110549337,0.5921031606036375,0.45189671981395013,2
0.4962707018487438,0.5087683360774239,0.5144939200251909,0.42502284273296737,0
0.329141915329886,0.49799466354503985,0.5265285283352423,0.5062640990706957,0
0.36897889494382863,0.5270859278252746,0.47129748210423594,0.41239864744102894,1
0.47743529372328963,0.30622779953984447,0.37520707098971057,0.2891334538304966,1
0.3566451541429811,0.49342238442229347,0.5091077844545189,0.33255617695243844,0
0.44010475625737927,0.30202644647872146,0.3385760121526228,0.4039840259854559,1
0.3073920528817158,0.4225652214849235,0.492547088229887,0.5165704157336786,2
0.498491580396685,0.5090098124282117,0.3888072086278762,0.3050599242355966,0
0.4317776791566778,0.4484489600615355,0.4829606567186521,0.51192024739534,0
0.44786918119211794,0.2323908607700604,0.373735916922349,0.3014456863883076,1
0.47313565250385176,0.4454628485193738,0.3989781761271364,0.538562831202949,1
0.44054895653499876,0.3258332906336897,0.49965925988695437,0.5031164854946781,0
0.4646061407800972,0.58678582300778,0.3824021478745342,0.5626748762227329,1
0.3162817366342334,0.4194605132948612,0.5615127730503231,0.442968885935438,2
0.3663105941951132,0.41740956700808685,0.37749509291257466,0.33008841396468436,0
0.43889219798743756,0.44534111608725535,0.43365775936734197,0.39956726790688885,0
0.43132815155277227,0.5125640381174289,0.39649478794118403,0.39908232035231667,1
0.36833839548739167,0.5081016106588891,0.3706382987355262,0.33591224151836624,1
0.3075511752999909,0.521881030182962,0.3295306767159697,0.448021230316163,0
0.43564676682133013,0.42967346356896136,0.29715773668459416,0.33930357256302196,1
0.531608575151751,0.5521615576401566,0.3404987604867221,0.468046685673324,2
0.49993915661299104,0.4232567681515304,0.4650135976114117,0.38333793536035154,0
0.485378871311525,0.5149261557197444,0.384042526976219,0.4959844469873438,0
0.35237732354854,0.41996631773369664,0.4579447258112553,0.450842831298865,1
0.611608119434069,0.5661578803297858,0.3295762447570808,0.3308110789181085,1
0.3665871665837758,0.44549052321683286,0.4413510000516355,0.3077328587035898,0
0.33409307778485386,0.4192135174477509,0.46414929747374856,0.4180054339931908,1
0.45741366775896153,0.5216277077597672,0.40335074353099776,0.4704989064061384,2
0.5274507113173068,0.4776501591393786,0.49633998471409724,0.3847345538112572,0
0.42243243298789185,0.3925834087130139,0.3371162279651342,0.5211512906663746,0
0.21375695045292165,0.3474419563517631,0.4565626724488768,0.4160700689297129,1
0.4573509013429822,0.33887542074314436,0.4273112935970654,0.49169946220887545,1
0.3462224520038035,0.3631661743155016,0.2972409857981618,0.34419001432385143,0
0.3289058010665382,0.49443575591022876,0.39233313288196314,0.4825936972574688,1
0.5463206556906066,0.47660929085424786,0.36585240930214674,0.5362575882391514,2
0.38751127783943173,0.40286901976480904,0.38230188193958725,0.45987974770149775,0
0.3697637371283283,0.4762883716107571,0.496306326068235,0.38481982690037875,0
0.4513003788290415,0.5245744226390514,0.35649823541636394,0.4314490158344257,1
0.4905657914387577,0.39856525386759656,0.27586087380207036,0.5688032833654371,1
0.4306228830577146,0.503944202408166,0.4886872595471682,0.47555981303991485,0
0.3197949441519317,0.2999395936303685,0.5066159569284234,0.42166509237752337,1
0.5717755456596798,0.49236302337782223,0.3878721523060807,0.3087928865316433,2
0.4193981409022931,0.5055327372350147,0.3986049764656405,0.4551404259239723,0
0.3842373080301587,0.3817243248353844,0.4233523595847382,0.4240451885537867,0
0.44058413673645325,0.3223183492310113,0.41067358936624915,0.5226310503922267,1
0.44557391066196633,0.4076007018387523,0.5408759824754193,0.4934049488589716,1
0.3875041623928998,0.4730807353998707,0.4220308169547393,0.3325672969359156,0
0.3851824942181498,0.3065580870556154,0.3022165385240737,0.4413592180381616,1
0.614626696945434,0.3166394531000214,0.4668159777850733,0.31482450098174997,2
0.328333973539773,0.3976450008109283,0.46364612016119816,0.4846808743446792,0
0.3526493422846472,0.388211609070514,0.4575959054610999,0.5132963721020829,0
0.454647231074729,0.3447477471878018,0.26691439993446187,0.38629938230678873,1
0.37946371975207505,0.2832143769236793,0.33148405333767106,0.5665079203849175,1
0.4551412512293182,0.43473931870397026,0.4502910969512769,0.4610177403808867,0
0.5260785776306101,0.5340414430248415,0.3990096483172722,0.26584270763063694,1
0.38676282484254665,0.4785424078024209,0.5796878669605583,0.35019113907931554,2
0.4396572610451617,0.49973408455144525,0.3847480689355022,0.49135893248766094,0
0.3114767259419876,0.5079967713420144,0.4345986046196329,0.4913635773772683,0
0.4201900569336666,0.4161374742253891,0.44029001550857394,0.546431119281299,1
0.32916763295939744,0.4179327749999424,0.49349619945760603,0.5316622933335542,1
0.4932598429273041,0.44938614798566595,0.4593300403193135,0.334583505047068,0
0.48128161319827584,0.39284831066652737,0.4953426123886145,0.2740290252795752,1
0.1756573707378966,0.5181898239130645,0.4700824359057191,0.5115799485384546,2
0.4173130020255167,0.4791173430859915,0.4514684677466005,0.43399400420763334,0
0.3369697970088052,0.4644036386203878,0.48444166749029705,0.4496041224831392,0
0.30465748585439933,0.3393643398268291,0.34200909735921076,0.25290059579837254,1
0.3316943219390157,0.31266027691117915,0.5609242135720357,0.4697609958281074,1
0.4056837460984284,0.39011452002172936,0.4886975314756129,0.465649594076119,0
0.4270199141165173,0.30070684252451385,0.4403538643036714,0.4204408566228496,1
0.305088235677691,0.3039068119763201,0.33719818395700235,0.4320557925469268,2
0.44243808991512923,0.3705787621644854,0.4159876022567799,0.464263677138102,0
0.44787853090706436,0.34968331974960837,0.4942380422276538,0.44557642537180897,0
0.29532310810845136,0.3869582369299912,0.5271718306815296,0.514845846341135,1
0.3912534732990043,0.3577479788601696,0.35540968108318094,0.3446126205476975,1
0.44296636758873364,0.4453128958740233,0.3208681291731945,0.419082985526961,0
0.4215627346476535,0.5788802376751582,0.5185990458551565,0.29707406487913995,1
0.2455499359316008,0.48808378550664244,0.37580962575086807,0.5142457604864022,2
0.42249785335086176,0.4784925034150429,0.3699299954380133,0.45923819986650677,0
0.4878113924141453,0.5140832666605906,0.4846931241239095,0.2989456478152824,0
0.4774745923922684,0.4413363985582986,0.470045295382921,0.3465862631214277,1
0.2979222035394885,0.34379442256419,0.5941125928788169,0.3995063800348458,1
0.4060640629934697,0.358984682600308,0.39889301932858384,0.49831430695933415,0
0.4824307022668499,0.5471281543205211,0.41882740992477235,0.4381468693369144,1
0.34286918361252294,0.517218874502064,0.28511763394803163,0.46010673310807587,2
0.42410654448737295,0.5076250584449554,0.5116298074317527,0.48063874016018004,0
0.42996192063418176,0.35288081843599983,0.49546992539195045,0.4463269043619563,0
0.41967626494803384,0.48591902680090876,0.39210766992087115,0.5589604006751969,1
0.4633135137686522,0.32930160625216054,0.29062449183896455,0.23597283871276542,1
0.3220927474685773,0.4323329686110967,0.3240993965533022,0.4820879082911107,0
0.54441846762792,0.5234407536998672,0.4653707065788128,0.5395651459248791,1
0.37559080133059863,0.6027270174616104,0.5804254232988452,0.48103664631121684,2
0.4616753737379499,0.4417525193999349,0.510381844661419,0.4134878706874213,0
0.4345908678495527,0.39982981815594826,0.3368001705041711,0.4613866208831524,0
0.4594952264052913,0.3572793644153028,0.3886423362901697,0.3746481350004269,1
0.4977785407599309,0.45212395617122547,0.334602657956776,0.48011328551351884,1
0.5020896654930536,0.3589316900957932,0.48539244891493066,0.3854526998921598,0
0.3447828979781686,0.3218034056776006,0.38557355466129284,0.47070903670794095,1
0.3977420091314033,0.5605432148626788,0.4364332706513353,0.49171176229011576,2
0.35802464732156736,0.37255136719029996,0.4243554463895537,0.3290909562137189,0
0.3951882855784643,0.3640735218792324,0.4644956698222205,0.5144412375813727,0
0.20195269963329787,0.34616268581005444,0.2783983741276729,0.3778557695929746,1
0.43881633411847365,0.5873783994370773,0.4331562943685249,0.345146144067336,1
0.5081222909809335,0.5189028448688968,0.48217797308149135,0.30278932614963117,0
0.35556214684199616,0.3172639844008301,0.4061451627401472,0.5204343064753967,1
0.40159839646878687,0.483894268841592,0.46508751747891197,0.4792126869727301,2
0.3983072179217852,0.5251526170181127,0.45521924573681694,0.4437562525607871,0
0.5118799648294456,0.5207527285493148,0.32316175481672443,0.3287812248460634,0
0.36713424570775494,0.37723827501543783,0.35221171420471503,0.42213191006141904,1
0.410355877469501,0.5787914175001297,0.37437160743700665,0.35421620707474516,1
0.3017093964794685,0.3728229887489649,0.39674654184223074,0.3411007604432018,0
0.2723140444441107,0.38746096737718994,0.5011468561718279,0.5341280829273352,1
0.4651101979795477,0.27472849811341915,0.5053223984864281,0.5530198483906565,2
0.46852334098315396,0.3905514220890843,0.32852774742873847,0.5152924082125021,0
0.4665199980659266,0.3518778041377352,0.4744352789565145,0.4541056246183455,0
0.35971680932859623,0.41381823854058003,0.48633128927606034,0.5514255671374277,1
0.30415424892462384,0.3089089087666813,0.3864691849307832,0.3995845442474406,1
0.5207127264014579,0.4840324154514481,0.39731030735449324,0.4582869994136943,0
0.4201219484389198,0.38376416752174775,0.24057549302856546,0.36423608807984675,1
0.37030310347121154,0.48250880529196843,0.45493189384838845,0.5080151587221966,2
0.495033275228347,0.4286226206843965,0.3254560840272172,0.35081330982778414,0
0.4373934020560089,0.42757678408460925,0.5084918314286444,0.4567689986939168,0
0.4385974433146931,0.3473276364657508,0.4120038838595958,0.5022554878432368,1
0.40310545114280805,0.5892331278969154,0.5990128617721385,0.4441743992375347,1
0.3138713031468037,0.38572844789756117,0.5028159834071466,0.5193179680399426,0
0.5709702657383884,0.5091654044896825,0.4016594376513271,0.5676876549741241,1
0.4374053970514568,0.5922623032089047,0.5914478339927669,0.48011538660600583,2
0.44681665366579537,0.4903244604337645,0.43357517267561546,0.36667725982219324,0
0.40275296084694373,0.5168541123519449,0.3815561560603171,0.49313726241148464,0
0.42144632569503904,0.4718677488165055,0.2614956695808336,0.4009284329274873,1
0.35768176381932726,0.5452308381310684,0.4595512593678573,0.34320207142133763,1
0.2978698583706797,0.4190379353436636,0.39326675412349266,0.35494427645948046,0
0.34805838245979626,0.4693722566184854,0.36546650701684,0.41545015559856535,1
0.3787836963124644,0.47680875854857907,0.4383764788248777,0.5021072241144855,2
0.5043060193467088,0.489082138463478,0.41146250023061137,0.3108232702529748,0
0.35817515903265357,0.34490092121620997,0.46161253679999287,0.33520295594257593,0
0.44255123217149045,0.4726788861024697,0.36624149054767496,0.4590662561177633,1
0.2929966585622882,0.5283904970751487,0.32794135143344894,0.3566903356495252,1
0.43328089753771465,0.4840238054492429,0.3847061986701061,0.49496227093430456,0
0.3511292465282808,0.5029537777726675,0.5055238798319975,0.5183946481171557,1
0.44343419832930175,0.49049208472642036,0.4028843450589258,0.40048268292662254,2
0.47017628157208546,0.46652709573785056,0.32121522606338665,0.504812562814438,0
0.49410021648025315,0.5243084467391317,0.3793276292559453,0.4163926723534688,0
0.41757406892029175,0.4256031338577034,0.34782126462562146,0.5602191477730409,1
0.46215167943072083,0.2713346051144494,0.5333772969004011,0.407484514664688,1
0.496178417496013,0.49861587077368935,0.39919755969579435,0.4565863132276312,0
0.3976278025043694,0.39014691958387954,0.3838717880596373,0.590883470344288,1
0.2527831370536474,0.49709745240299097,0.35501683525494276,0.4006935084709009,2
0.42913332531698395,0.4341265070987839,0.40873465999024194,0.4185263377373899,0
0.3191782310650954,0.46189927358986826,0.4462863968322123,0.46931104131270085,0
0.298334061002773,0.4813880444452805,0.1562134895477292,0.5333434471797625,1
0.3947384216065513,0.3878004968337755,0.5718675958183213,0.416805215074065,1
0.33390971040888595,0.43127646577652307,0.34894777899134666,0.33801737007083804,0
0.5077441443132107,0.5784059818586568,0.4428890196631442,0.4732882236344068,1
0.35856196683927194,0.6282585165281565,0.31132049850885435,0.5580556565373423,2
0.46696844112031466,0.3759907922471925,0.34367320296657033,0.35309366052806296,0
0.43479924454332697,0.5089038467713138,0.35586482933276037,0.40335863632251984,0
0.3382149291769695,0.46874603836168627,0.42684563413124554,0.5041181711247957,1
0.36651147573128084,0.31786457961770664,0.5743634575894558,0.28182652656433627,1
0.47981417009056565,0.4813685508744201,0.47618746762821246,0.5118729982200785,0
0.28458522237444617,0.28564649296256145,0.443149597453261,0.3401718627803788,1
0.5256054049064869,0.41591356595216566,0.16208794295857,0.5809942973632772,2
0.4635054848130526,0.2967415612709017,0.34346125837385616,0.47245916734710014,0
0.4288327990883289,0.35423066515157364,0.479283879985012,0.3451202524679916,0
0.3689944814945392,0.5282047291793128,0.529336496599742,0.3965226196611509,1
0.31741148343271774,0.3694384264864179,0.37651197230781763,0.5559397841740443,1
0.48733979060563604,0.31070538024574634,0.4000697372462983,0.5263931005276019,0
0.5307048445688007,0.3072238849480495,0.543500078709691,0.37642710725558437,1
0.5602112908542695,0.5385609250491474,0.5084700283694253,0.4298542791681315,2
0.4298613056471307,0.3591486448551353,0.43756107661114013,0.4009389662546001,0
0.406653584866024,0.4066766686438113,0.4390530425947035,0.3995864443782126,0
0.4297852367016715,0.49451826547104843,0.49833433818400746,0.32477572010745054,1
0.40579281521655597,0.49757630825633137,0.6073973982942314,0.35339924182156035,1
0.5040517248282493,0.5177714517711629,0.36538592080361537,0.45975215784369994,0
0.5278770003810532,0.5244116716907418,0.27663538926430364,0.39372923486898737,1
0.2414742485110621,0.30727586446218513,0.41773209662083743,0.4004687812545843,2
0.42063453998074163,0.3941520381746566,0.40229540030824534,0.3626232524769536,0
0.47369562673688415,0.43037871805130395,0.4258408343571999,0.508830565408716,0
0.4746594616193374,0.5127138991610176,0.5084843077306566,0.36575818050682374,1
0.408041085948877,0.3754864382806363,0.4188857951064501,0.41609204592104354,1
0.3830557704046737,0.47122349910572525,0.3968755294210208,0.3358596893667999,0
0.4442603647674884,0.4675907526704474,0.4754921538038019,0.4325956309196625,1
0.496153777955965,0.4061294014630154,0.4762243745179757,0.503795426634277,2
0.3793559950588714,0.298448985874458,0.44625162308090566,0.3477639765282242,0
0.38855037831435735,0.4032204631160131,0.5097719934080265,0.44194329301475416,0
0.4571572682848877,0.4713020066754467,0.5224579194690058,0.44881254312436114,1
0.38545406380656605,0.39165947616272967,0.45208221573823243,0.5138188045936846,1
0.4638235297049655,0.4147634981901793,0.3108914242599359,0.41022837482437635,0
0.38201854617663267,0.3552908166450056,0.5512032585332706,0.4558901542557622,1
0.42973424388815634,0.4646407245214157,0.48130720870522187,0.23368745214267952,2
0.47558870911646206,0.4422230594444005,0.35499802492126,0.44153624462484714,0
0.4565558584821586,0.4114612378569884,0.4164522071349576,0.497538508848867,0
0.41515912327504967,0.26823653381882484,0.47629688367771544,0.3283875971748427,1
0.31206774508360086,0.49829278899764506,0.4603157776308757,0.456656355123094,1
0.39856461440398977,0.3763354363807697,0.4669654873837491,0.349782360360019,0
0.39664227973019484,0.4901460636760067,0.45278580545345715,0.3652050797170363,1
0.15558701220019253,0.5333964943976508,0.22229863921444667,0.47118922352340364,2
0.37840189296858345,0.48010378764085276,0.3802427854759939,0.43048282126867266,0
0.47806420112077297,0.4996633423554727,0.3359646577596763,0.37179939044798477,0
0.45051533046477105,0.43377877520732344,0.3625266586664458,0.28761446454809153,1
0.4510389745253452,0.4159943335175701,0.30532840870688416,0.5681882030337161,1
0.49643657641986744,0.3379953073703015,0.5264054555106249,0.30581073429382477,0
0.4117192062504195,0.3177126333917585,0.20465032592206597,0.4275493045996853,1
0.4005775625675562,0.46187351861456627,0.3676095664836492,0.5638476119545235,2
0.30992119603675794,0.31345863720876904,0.45053346310887327,0.40532256472821304,0
0.5066914534907786,0.384536232891065,0.5238131416450097,0.3106721335156475,0
0.37520809239755204,0.38963646696464665,0.490463213502291,0.4019494404142811,1
0.3286040719088551,0.5451052770414084,0.5746349462982138,0.30859287260262125,1
0.49800921575292845,0.3685280572587782,0.5107146634483601,0.5033413870975296,0
0.5181600522392906,0.49182295969486234,0.3059668687789531,0.3146625320849881,1
0.4285712513414948,0.4549851164366303,0.3865450139924007,0.45907259639925,2
0.46587632875516294,0.41661017785022464,0.445584838877559,0.4213762563834388,0
0.3426862038304451,0.521457553161068,0.4060609995325642,0.30868381353106605,0
0.5274367250248946,0.4659454774637176,0.45936154611401003,0.45904701555664335,1
0.5312964699128873,0.2902840979561496,0.42811927344085854,0.36342769167989053,1
0.44428390082571084,0.5085966914412305,0.3360313864472979,0.4794727339199366,0
0.3079373726345355,0.32430725615795086,0.42554453284637483,0.36576002987052764,1
0.6036115770069354,0.6109817605531526,0.5064980907902212,0.4010935737693328,2
0.36149256805632546,0.4350209451564867,0.34006555284557216,0.45568797342987766,0
0.41871777245222475,0.510918681144239,0.4530192902054891,0.5006181332945622,0
0.4567977769545108,0.4590279389530447,0.49351001169618336,0.44024402296674886,1
0.3444683973616104,0.42277299748871117,0.4688833820908501,0.49983485630008867,1
0.5262250295639843,0.31149324548016766,0.3463530892406721,0.420664869131576,0
0.3886731159873148,0.2252726008161292,0.4623626304849403,0.4266911602942607,1
0.5416297439200313,0.29547329010885237,0.33046404201104584,0.5956744707989508,2
0.4583979967816263,0.4466401412481916,0.3760751772683584,0.33974041457784654,0
0.37179481912473056,0.39613972695877747,0.4603894740559888,0.3416355330924413,0
0.5430301898329426,0.5104151920322343,0.4782691777107458,0.3205044202885442,1
0.3879330607913502,0.4175414550527206,0.2939908486270494,0.37940324791522523,1
0.508554557933949,0.31538286774753094,0.3102224046185852,0.4707302787741546,0
0.39308608340549783,0.252381449071731,0.29853402411862934,0.36593907217759103,1
0.4242559287781422,0.30614572746592794,0.4935188547436467,0.42888908404525794,2
0.4734657200322027,0.3542127086745149,0.5066603085803983,0.44464272541479677,0
0.39170406496558113,0.30111782782282237,0.3762927309763966,0.46764564502604206,0
0.33391883646302595,0.46019494804510275,0.27425244918470887,0.49065997392366184,1
0.4822575145864143,0.2787302281171512,0.4416283833996597,0.38181194534163837,1
0.42170916420518817,0.5080731996064217,0.47429519648685026,0.48385533392983865,0
0.4542353973637212,0.35709348416790576,0.29783810219353624,0.3862650305396342,1
0.5075037112456422,0.5197400755992272,0.45589883530727454,0.4458951982813166,2
0.3010274902614862,0.48349714863408444,0.3500477727175684,0.45505073391476464,0
0.41426733428439505,0.5245173253078437,0.5203221421638428,0.36549098771491717,0
0.3490702864142769,0.5184131855947924,0.2886745025242752,0.3836724417848907,1
0.5108444566736406,0.36292979997172814,0.27763094609498196,0.3393526178785471,1
0.48356282414804863,0.31072774601714553,0.5182492402232569,0.393635197978597,0
0.5741382671056307,0.6287548433678443,0.41821613839840005,0.3580855433933899,1
0.2663831961732589,0.47879174753866427,0.29900147354160855,0.41436828393940167,2
0.457034983858716,0.4992662480166244,0.44969739571635803,0.4038412043510893,0
0.3517874934495251,0.4734390141450625,0.41613388199920276,0.3137689044701917,0
0.3847579228941388,0.4840076162184425,0.3266285419133791,0.3635762070910226,1
0.5122352928778335,0.49582459853052285,0.46437502634711436,0.6066563476775488,1
0.46716468671099937,0.4066797208507742,0.4126136100652666,0.4071114239252632,0
0.4717600972071505,0.33419867207702814,0.3387376416047355,0.4686405049417398,1
0.2937114819280997,0.4764470776018982,0.5164282873939317,0.3604982290286091,2
0.4416883563300852,0.5276228587957973,0.4983907662769477,0.4908089311013283,0
0.37534936546851155,0.3905745862079686,0.3448241926675679,0.3954474032043398,0
0.3115500062260873,0.5284607279121012,0.291196532828036,0.49746696818411534,1
0.4167994240124074,0.4375157453731732,0.37591572382016963,0.36979578520240686,1
0.4570463184308816,0.47738323286878,0.5248021373536775,0.34501249661296157,0
0.44879060754531236,0.4385144122334342,0.4836443720019192,0.42667025031579103,1
0.3742375312011695,0.40306612154179555,0.5057078451078411,0.3924297035270849,2
0.4600795397563559,0.32657441129417164,0.47481952095220953,0.37443717501915974,0
0.3541419308289033,0.4817116105128581,0.43985600258865193,0.46043506500388903,0
0.3808233528615351,0.45165173246259466,0.5552102605857157,0.4218608971667085,1
0.33585487267384506,0.3677728789960665,0.4217734000964955,0.2825719109123499,1
0.3614168824453441,0.400133989419947,0.5034852384204326,0.5221361030651128,0
0.5541928203426791,0.2696315661252968,0.4765704709266817,0.35524777769448945,1
0.4469599541207734,0.4024255810936283,0.5936504901526773,0.5111701892989293,2
0.5016057863937411,0.37173499632319407,0.4907852642088265,0.4388642660822828,0
0.41423908547774835,0.4267378730879861,0.4570445326734777,0.4912437626546786,0
0.4833380645298607,0.4606454132161025,0.4556646287848232,0.5094140424208908,1
0.5276832412486439,0.5451195674006439,0.3586608462486742,0.44027263796002714,1
0.40390415095248394,0.35364869091942636,0.39321226894487915,0.44352377458646497,0
0.3032994553167171,0.57706733480042,0.3922961007640167,0.4052306672515048,1
0.21755531583989945,0.5028580259109996,0.34064310728605296,0.3934275449376432,2
0.3615301016675827,0.3903942393092932,0.40625458191618075,0.33254093214731784,0
0.43227455974787976,0.42633971537456694,0.43257438495834033,0.4779095802529667,0
0.3502447333056284,0.49093604148785397,0.5012124855040396,0.3615309523578076,1
0.45860003485435574,0.3030509507847363,0.35586092528298696,0.4547079270365054,1
0.3817667720223879,0.49283922040916944,0.32729859217956137,0.40463945099859644,0
0.527829372594932,0.27367436205312534,0.39007450759678985,0.5338407242195589,1
0.3589301478340531,0.6131275998583724,0.4424689643483516,0.38234013872301176,2
0.48846070844716555,0.4691622427690432,0.49674584239378905,0.3795487541043258,0
0.31802713630537843,0.4787152624346108,0.41028455542346076,0.45240192338066365,0
0.4513532682166371,0.3276902470593068,0.38539573726670645,0.4535553083640528,1
0.5076307384425588,0.3210825697816643,0.41372515353324163,0.38353804226212523,1
0.4504103181295557,0.3789180344857692,0.41402704545032076,0.4394174523688159,0
0.2678350414977675,0.3374938783847383,0.26062305471560826,0.4864986944289562,1
0.41771223815569863,0.4259489922114794,0.29473096602085486,0.4551039801290812,2
0.5064162326809309,0.4550224141571271,0.4967609860141807,0.43961099434930445,0
0.45905231249002937,0.3857280608770667,0.383819873444075,0.45088203267121557,0
0.4306691484305357,0.5369369655193642,0.26215898007528193,0.4181697577917095,1
0.3363415238160402,0.3635741554467464,0.4835274860788846,0.3223750343700508,1
0.36359697902277704,0.5086313128131714,0.4678645192759924,0.47250259246293413,0
0.3986937237296102,0.43927124369335924,0.33990689948131925,0.5071767703543778,1
0.2930130257937986,0.44333856819982326,0.3541294431871237,0.29824722334462483,2
0.3705243082764448,0.45936520696122823,0.38283143082396587,0.36581718400274144,0
0.379047305415506,0.41508380932907296,0.4302632353543435,0.473800721971749,0
0.43147306117435813,0.4267928474185173,0.4939007220249245,0.4827751465976229,1
0.4558059018172746,0.40903272051094136,0.2988823988059398,0.503742493348645,1
0.4351320530918209,0.3749399830870194,0.42060238995800503,0.47743777227550027,0
0.273539943592069,0.33448200994728294,0.33735977499723535,0.3905782267958653,1
0.20869696168023605,0.3593349094637309,0.41423241164557734,0.35920683618807275,2
0.3762189141335777,0.4433298259708675,0.4990124345696111,0.43158030225998417,0
0.4749144074579199,0.3403096610494657,0.5132948701437567,0.36858900943428935,0
0.4070551274481985,0.2541706779016157,0.5166137459649878,0.3604486310416045,1
0.5008573358239882,0.4149103500499189,0.43471100224227704,0.4715463238139371,1
0.32904624003839467,0.44772415087347983,0.3066555197968439,0.48091299319315606,0
0.411937131734912,0.18907628302923918,0.2874089558614129,0.4989517506965162,1
0.4522633591947628,0.3174174496127631,0.4740144502267553,0.3026307377326444,2
0.4348203884399182,0.4179060338282406,0.40727590698276056,0.4835054766239038,0
0.44945944270488547,0.4577445016832242,0.41604714949273763,0.31605922486432114,0
0.530368719320345,0.483551091668763,0.36051026231599875,0.3352700534614112,1
0.43200047993249646,0.3971104292880372,0.47231200049312266,0.40831482452224166,1
0.337393635250582,0.5136853188163837,0.45805808651487473,0.5034770131262363,0
0.42472102335637896,0.35941354867278497,0.5291035999777902,0.2851338445711928,1
0.644387500722382,0.36029384697701355,0.5041166799074892,0.42622867922140417,2
0.5066967086717065,0.4194997052339758,0.4580135335643226,0.32560388723941963,0
0.4590642312770445,0.5014514293828449,0.3198726566052602,0.4782130420289244,0
0.4847244231820333,0.45868702364624436,0.26831331433280564,0.4875476267729345,1
0.47604134881960913,0.5485732898320181,0.4773107497211469,0.4929047766005064,1
0.5000294895015993,0.34325150677731153,0.3645454475389116,0.5202784175844353,0
0.40001452642008695,0.5447010772703298,0.5784852902132616,0.39642782652807457,1
0.40999740241417465,0.37753793825750537,0.46491940246023256,0.6380315643520501,2
0.3019487921543518,0.5129918465181582,0.47109736077592074,0.3844272781583356,0
0.433244933741315,0.44524744812951983,0.40417098467925955,0.43712077594552684,0
0.4786210405760479,0.41366266462164963,0.46721941499287173,0.22041432190173096,1
0.4701020393196755,0.4416299433415275,0.31202035206830714,0.2979705351722639,1
0.36332072539149984,0.38213736241556434,0.4083731523081511,0.4771218187545616,0
0.38376360027881373,0.3822957253609424,0.338269922856379,0.4370671496446784,1
0.4564881231619738,0.4999979912042751,0.40592390129360156,0.5211843085249512,2
0.43511549001941324,0.3702609155866245,0.4881333256474472,0.4789711409627968,0
0.44589981481359303,0.37639482369870203,0.33944249247503655,0.4012966932496839,0
0.5001611091551601,0.42879100673228954,0.3197247091701021,0.42986329785881455,1
0.4023548860883333,0.41904227082396167,0.35032110755421225,0.33881177271481067,1
0.4239452354685398,0.4146751816874605,0.4527781886849929,0.4769562401690989,0
0.28375403917798087,0.34447216374935175,0.5319625622645874,0.543300266016349,1
0.2993008152051354,0.20418726843059004,0.4943344418006323,0.41953498688488106,2
0.4667537124415132,0.48277439280365114,0.5263958419765984,0.39369649392647144,0
0.5191939875390759,0.4318502728286727,0.5038782278256071,0.47426872252202307,0
0.4512265417851933,0.31072509329431347,0.30374799173713474,0.4391063031692104,1
0.2845984230059926,0.4032623932647568,0.38401385716724357,0.35384151093438954,1
0.442491192931066,0.49724962971266035,0.5106270494866757,0.5142360290604924,0
0.4314421755945193,0.49934270441708034,0.32306925480978466,0.621052913418765,1
0.521535025475187,0.4563363693955171,0.5180057424707958,0.49014488292946057,2
0.3045106596291092,0.44203946896524826,0.4178776377161106,0.5242599034208157,0
0.44611100843379603,0.3561841631015916,0.4628897911180181,0.4840143803434121,0
0.3064206534488929,0.3596267440809613,0.4007114664428792,0.5202655634549882,1
0.36051584172835566,0.3734970889081972,0.27043473396714857,0.3696510802806113,1
0.42554913877995987,0.48756725609629437,0.48323616402894354,0.4292866290969548,0
0.38195252319050654,0.34318200021219614,0.4226289666983111,0.36004485263205055,1
0.18645705838066326,0.22918497409760402,0.4666517805500613,0.48975813845790983,2
0.4126020870697256,0.3475452195931624,0.38604882261876217,0.437578951812692,0
0.35399714465368626,0.40732563076252853,0.3766607020921677,0.48444756832305447,0
0.3772425434812737,0.3614824441096863,0.396218742394804,0.18000713901055243,1
0.5596917176589373,0.45513889571880284,0.3818662871795547,0.3595996836423426,1
0.4571942832490842,0.4467556988275456,0.39988791059747597,0.44076196011481744,0
0.5649149900379787,0.3707177079154051,0.4725018028643825,0.5434859355378356,1
0.3611526651743896,0.3697271215527031,0.44156482295715227,0.5055950606220024,2
0.45968752420013476,0.46668268753427045,0.40847046651585384,0.4997881625446876,0
0.4582038921774523,0.432385524853141,0.42425356881349,0.3489762268215697,0
0.507072921939543,0.5226519666761105,0.38854053122239807,0.364477871738362,1
0.398922325400864,0.31170970763426276,0.3235760840306494,0.37272523549537795,1
0.464940909621294,0.49148851364821644,0.5152202126202894,0.42804188178903463,0
0.4337383394374491,0.39894375791944,0.27281921042237356,0.4189988378691109,1
0.20279951475588165,0.5392745012311158,0.47395749362171247,0.5817744087855606,2
0.5125402947135229,0.4137990261064719,0.4603507029450229,0.41189285649039076,0
0.42469168839373816,0.4528820617946237,0.32587146123669924,0.32649578506019794,0
0.3779585043066412,0.40316555133255494,0.49869905670323966,0.4329681136909044,1
0.3613561761084104,0.5621205319627698,0.33557345972801333,0.309974579184505,1
0.4142136932718398,0.42166163844966853,0.4137184185368345,0.48067701399114604,0
0.44815871899328913,0.5225203319167142,0.4004693213846971,0.5255119682663805,1
0.4184031422800853,0.4460448980316561,0.4177108855056158,0.3095360366740353,2
0.490427315619054,0.4150108409752452,0.5189417487139851,0.3735663047422256,0
0.5120821139730294,0.32993891514258755,0.4891103941817937,0.41264589360356574,0
0.5229710073765002,0.2775357430546297,0.4923498770808677,0.49908084851276946,1
0.4777217514738878,0.40816219104359347,0.43836730929387624,0.43322704416123453,1
0.30955046947365217,0.4057637005718248,0.3878470198876056,0.4695898033777429,0
0.45676373889637834,0.272736683005735,0.34734848570122384,0.3727434879519177,1
0.31507635318652466,0.30068189251975985,0.4208471724945746,0.42253162021475166,2
0.3093943444145739,0.4398007236900574,0.32275723025637726,0.4901194673004635,0
0.5179023648530225,0.4416779855519195,0.4946146499705569,0.3993837138835675,0
0.4672892492693666,0.4922325179686083,0.5430976395957021,0.4053233898878723,1
0.3614931315943602,0.5198281034002412,0.4729148500570832,0.3546927057678049,1
0.49329556413188486,0.4494028540622963,0.4304449229660536,0.4552653973936561,0
0.34867743032238496,0.34118433997913034,0.32771500616955074,0.3634490381084312,1
0.43920400219313893,0.5617812225738542,0.46920687014748425,0.6021370513559146,2
0.34182077923311177,0.442586702551574,0.3183721523598564,0.406202919092062,0
0.3454033574050251,0.46433155934230436,0.42163584089103223,0.4506315776529333,0
0.42328013452394564,0.5168679250466606,0.37744633127220395,0.5599843515557508,1
0.37326283637790775,0.60165775423632,0.4100897210268418,0.507396005117706,1
0.41912635604354764,0.4773561381044236,0.3361279915786157,0.3453455950694899,0
0.3978352408477895,0.5832955143284404,0.5111066412831677,0.32070710510554556,1
0.43452217553829253,0.29882881064232814,0.25025442738091985,0.4457115736039401,2
0.4807059611311977,0.47808016717948254,0.35863850736649927,0.47463174496385646,0
0.399711030081062,0.507482979756438,0.32937284968939773,0.42196093398942963,0
0.35359944503168694,0.390236820859656,0.39861076395504025,0.3694317453620083,1
0.479246030355908,0.5243011183534831,0.32842076355481203,0.5257003894846686,1
0.32377406190011604,0.46876722359997447,0.33741671090946174,0.4544808875117633,0
0.4608874124397926,0.4276182275656256,0.3479243400833545,0.5092192667070312,1
0.47806517992631037,0.5595552287806844,0.4427385191921489,0.5820659945910035,2
0.3583040010117367,0.45482188720573014,0.43997305993029784,0.4890876727250927,0
0.42338907798117104,0.41272379649997665,0.4296721529661998,0.5011006680918242,0
0.4724302089579596,0.43678969518557564,0.40232042485285013,0.40569414856462527,1
0.43429208806478403,0.34961098995071915,0.33410444133524575,0.3632772197300233,1
0.42018750605193067,0.4932350493650331,0.35412433291223094,0.4408602130144244,0
0.543801409847084,0.4532907479623514,0.5102367128866473,0.35334216420184805,1
0.3743358096743198,0.5307837194832614,0.4364077104454745,0.44404331550052595,2
0.311558342839127,0.516104506394931,0.33308169787872055,0.46503435214516053,0
0.4257429780135254,0.37006652160706444,0.3119758993416395,0.48651195231220173,0
0.4395490842514042,0.4119771942291973,0.48754233760205123,0.4438463627182919,1
0.4030383664933209,0.30549659993748635,0.418691572728489,0.5342347575739453,1
0.5179526436848956,0.40314057860616825,0.44366317993372106,0.5104960959332383,0
0.5834576100807519,0.4863289054107802,0.3728304440688631,0.351461654536531,1
0.5226851784786011,0.48187577222208533,0.38432628986960776,0.5012281868446726,2
0.3729141440924553,0.3498686743455891,0.43763171460802935,0.46285194964498483,0
0.3796126132137931,0.39314269740555674,0.4457453138010346,0.3688339113864538,0
0.48588811557181577,0.47622648763387937,0.3098877038300686,0.34646867610347765,1
0.4024614423472998,0.34094353206220873,0.3029983737071322,0.4242394725964445,1
0.4370060877475202,0.3812292254016564,0.4567613356268292,0.4696599224954633,0
0.4111692357015624,0.3732055243276172,0.4332267353853545,0.3156129028495235,1
0.33553847509680224,0.33535941530371605,0.4603206300449603,0.4867943230394543,2
0.5057819239777687,0.47035108585424434,0.43610154295347336,0.39873216797900185,0
0.4838691626597446,0.4418163469932238,0.41804279018631707,0.45753270532718515,0
0.5376796652076792,0.2547470039079464,0.3723347726652372,0.5311391669007635,1
0.4751835775499281,0.3562855659922106,0.5729720318281143,0.3651420773950987,1
0.3634958276197069,0.35355698539128155,0.469796791317605,0.4905068964821382,0
0.3074789806836473,0.44841602463847263,0.4757533464535774,0.3957959112483397,1
0.5221491613576605,0.5503640553163271,0.3716008580834911,0.1698092474606441,2
0.43759280281343504,0.4985857218102077,0.43515659931424294,0.4423751573233078,0
0.4601648895098201,0.46096115093295165,0.47216587786690095,0.5028771925718254,0
0.3592647354082864,0.35959902759327955,0.5251330961031269,0.253938616359052,1
0.34053718286004464,0.4492275338359332,0.49072765440933075,0.6343265076903674,1
0.39143779574193327,0.5096535509171438,0.38121215374615913,0.5015504671441773,0
0.3794175345461073,0.4406822130893244,0.5813211854739271,0.2984970007757066,1
0.4808931456002791,0.49188884665554444,0.5571815044515724,0.5496086184833506,2
0.4922304840615221,0.41857484434097103,0.4412962421057396,0.33585829830088587,0
0.5235392182113501,0.4710329370776523,0.36240436119658087,0.5069451237094647,0
0.2503200414844637,0.5371367771004099,0.3376404248030196,0.5272304653272639,1
0.5276360277720593,0.4407978196399293,0.3918624313742578,0.5984345367407911,1
0.30399717980538277,0.4441039760101668,0.4462249547745435,0.4660772531057571,0
0.38083168218164326,0.38802482178454556,0.4810429903030666,0.2568840353196543,1
0.5195000761403281,0.42825149679641494,0.3715071467271695,0.494012159564833,2
0.395297237578328,0.5239646329853163,0.43598197683648077,0.32934916508471507,0
0.49141508371909104,0.3177095836416898,0.5090208914589296,0.4438451330334937,0
0.461441745188261,0.3530202237422899,0.2508428972769673,0.34492199607040686,1
0.5013726926047766,0.5493208576127193,0.37549268415108616,0.4751754468827737,1
0.3517621480203,0.3157611630452063,0.47772769354696926,0.5043163056723278,0
0.39409947887597635,0.3630831005792644,0.46187095199009964,0.4607610514001978,1
0.31865269851832634,0.453945399406434,0.3794168397720704,0.4243209818153027,2
0.5141177855057404,0.420574823740736,0.38857718686461895,0.4528091623934781,0
0.44247956168949293,0.4962666205124326,0.3321107643667822,0.3748361478575494,0
0.5019918222142593,0.416714558778887,0.4368522947835259,0.4600039320146217,1
0.41098469395032106,0.434642458570305,0.3849205944571596,0.34384503228343466,1
0.40892965130277303,0.3961513795759307,0.4256059196087987,0.4408425668776348,0
0.3861571354561424,0.5280676303270013,0.42177351978901645,0.5118242107241562,1
0.599422653093801,0.42294949458199643,0.5087694941616494,0.3801382624909347,2
0.44114976170934556,0.5083866761048115,0.33048340017134575,0.3429502991622763,0
0.5146969203347833,0.3254530778967416,0.4474612923774653,0.4354631640225742,0
0.3475337915500858,0.4258548550746065,0.5063542470957108,0.5232473910994575,1
0.386649234306483,0.4921579741799624,0.3485818292566102,0.46611021569301947,1
0.3826466282244673,0.39732168513868693,0.36672268223768195,0.4373275781816615,0
0.29259341227450364,0.4953734305318361,0.4729842922037488,0.32710877194101584,1
0.6496918690293081,0.37885215684062046,0.5293437526869293,0.4506370736307893,2
0.4001874308158631,0.49658506341988745,0.4992388034009553,0.45790670804606154,0
0.36459278348478963,0.4329468423255775,0.44118069743958604,0.5098459761387528,0
0.4063798532024374,0.3602001116980266,0.5039619990761409,0.5355541634587335,1
0.45863004712999034,0.37150262660905414,0.5109815675126326,0.4593868296228152,1
0.3583999448251478,0.3145477946838255,0.342804819344891,0.5257507381105273,0
0.5786069631048432,0.47894946045314424,0.29900273031680813,0.40424760190320547,1
0.46128315600387554,0.4973124959865146,0.27616903062867904,0.5797836554430695,2
0.5044413674704371,0.43232004809024976,0.30251174115845403,0.41007220168892244,0
0.4524548234962329,0.5122490395790722,0.4320239482927487,0.5031387731581154,0
0.3999237620637954,0.3147754608442399,0.4253621019199608,0.42811806754096793,1
0.3329467771336337,0.37919309954791597,0.47386444194930877,0.5327830485986212,1
0.3160095032224318,0.4220242363631896,0.46202202166114575,0.4311984786439362,0
0.42448307636519866,0.5087517276208734,0.5668654060295829,0.36702095069261675,1
0.43428229631164184,0.4656538561063825,0.5164336161194223,0.483857393705685,2
0.427453799685528,0.47099376576308266,0.3996221110513975,0.39081614761235883,0
0.33356775085252754,0.47831298437676656,0.44201301918633523,0.34755927702325673,0
0.4377132472937175,0.3179629105007572,0.3196421724197248,0.4502472409072358,1
0.4530461040314085,0.38631371220788924,0.5797251836725288,0.5275970101538769,1
0.5025254215615469,0.3175759177140096,0.36375116419000564,0.4680200909985274,0
0.36718656236101166,0.4306060907497141,0.3489822002108002,0.45325465515533253,1
0.3419345315255553,0.46343749900898246,0.4825897527931916,0.5213120058228774,2
0.5036211503225986,0.46407691036727255,0.4164143876790588,0.4154503712548746,0
0.4407023408355445,0.4797799570433891,0.4953564370034455,0.42675779396408053,0
0.33987556661273643,0.3613544986679348,0.3680222497510464,0.495388225057383,1
0.336735991146537,0.32341525646019476,0.4267095579049323,0.3384492362233216,1
0.3855850191827465,0.44640276233244613,0.4753166423416424,0.4483043027972129,0
0.25119196184621895,0.41385811391789207,0.3329169387097298,0.31904682331325085,1
0.4753854847137404,0.5641452833604512,0.4187627979587703,0.38628686825950154,2
0.41601175973511295,0.4416810369509916,0.5061836957456025,0.45242481537207857,0
0.4585408766748137,0.4900483066516789,0.3122634791798899,0.3966397066940234,0
0.41058525069226504,0.4342795071406577,0.29237706307412703,0.34435878606868076,1
0.44614306219029176,0.367545798190682,0.3490773788587272,0.43499561592813424,1
0.4250107662188441,0.43288694348073103,0.3610754717010284,0.3156046710050544,0
0.3924529531409578,0.5355874226518971,0.48368075723938314,0.5390087898754308,1
0.3217969083679414,0.3937658570578849,0.42792992482389425,0.5121243703676015,2
0.4730796121698286,0.3646688054841216,0.41684110651611195,0.5181809054872182,0
0.49286342150086654,0.36550093722478993,0.4251418266670122,0.5182519500131424,0
0.452544346898402,0.30775246011906193,0.5080520789431053,0.4482932514271736,1
0.3632173877771344,0.48031295544387603,0.2921283374926361,0.4357131758526877,1
0.4811571268225805,0.313919237822217,0.47024346932248073,0.5192271127818835,0
0.42693508184726636,0.43495984403157223,0.5107078776433972,0.4188157731796397,1
0.3747876131346992,0.4608465642920757,0.31933795184142133,0.5162180166933088,2
0.43042743829497654,0.3123247153762835,0.41272504994133935,0.5276701850588632,0
0.300616691952589,0.381651053020817,0.37301019382960615,0.35593877918127925,0
0.4051857175140839,0.4885454290179229,0.40103994219533323,0.4508220452854085,1
0.554755002190473,0.37915620792218824,0.4383436058756672,0.292853096298483,1
0.4826689456562505,0.4131003750884073,0.3882681975810228,0.3836761914870781,0
0.5016571314461591,0.4030694344878439,0.33824495805780014,0.3978108315252154,1
0.6290089835600444,0.35878054334174614,0.4780820863699938,0.31444182309992813,2
0.3907319298699102,0.37116262408181255,0.4623390895635897,0.4007769277654659,0
0.3366352064642695,0.48713250661335683,0.5002645119683321,0.46891308538359605,0
0.4398814818452579,0.49719302105865537,0.3263244687161999,0.2688490539334252,1
0.3785327883028072,0.2991655390905735,0.32355196060112956,0.4862161006935427,1
0.4617544158138381,0.4381514248128436,0.4551498181062265,0.45910548785435923,0
0.41524443926045806,0.43813661721665825,0.408537787579351,0.3526065851964485,1
0.2560140737096047,0.26305240130118196,0.4119421933879227,0.5949103604763557,2
0.4988136172584029,0.31547401178863754,0.3752148590581185,0.39533917059946455,0
0.4438840676994433,0.5012314148105614,0.45648912602241926,0.501435885171942,0
0.5231052763528018,0.45818118980607414,0.3827169023964545,0.20680500581771089,1
0.440211374089343,0.4096994638769487,0.29484832998662214,0.4354496941065422,1
0.3705810923915939,0.45322186445092044,0.4768161817966726,0.5138824674504894,0
0.4331433563149801,0.4728218992317904,0.2956798992614428,0.5233227663574338,1
0.484925296770469,0.46313491189474876,0.5797650901684998,0.3731865601622366,2
0.41318699187345104,0.4211379124319651,0.36103331070548667,0.44514134393839927,0
0.5056764559826963,0.41206501883962493,0.40858548070266926,0.5273830008582499,0
0.2795571517194694,0.4111988575956629,0.46966904622453215,0.4296089447643675,1
0.3754892799884006,0.4223809230323177,0.5154953695066786,0.28918040068757767,1
0.46692297462803134,0.438552898383897,0.41174890303929845,0.49989861383771284,0
0.5268173883475527,0.5170663278716311,0.6041683419439211,0.4201591776390039,1
0.5451876515822511,0.3287991476700875,0.48534289451702206,0.4248805800124262,2
0.392695655798451,0.45991979793044224,0.31960839294074317,0.39290005813976653,0
0.4091737476407248,0.3829675026276944,0.35248389617973214,0.39525384007698816,0
0.5144164478351841,0.4445133528322553,0.45622341993559457,0.45548977126750023,1
0.467812039841375,0.47983401363741296,0.47606275250526175,0.37633965868141456,1
0.523801451429421,0.48505899508662886,0.488568953726377,0.4105685715040528,0
0.5686775627734453,0.5047848496570624,0.4861457080123463,0.3908342857040192,1
0.3296090346016098,0.44574583056584854,0.4824157977814204,0.35635537817099977,2
