0.4403963211085768,0.24502141937404948,0.3840958397870617,0.27644036586993137,0
0.9234981559049693,0.3949311893118991,0.7525832989605925,0.4333073796573251,1
0.8280159474142625,0.4237847054731749,0.7969842074321095,0.375804714633042,1
0.895926513200148,0.3825065514999458,0.668186035357803,0.5622399485734271,2
0.6679060687605756,0.4499778772464889,0.7044671894717451,0.41549600299545464,0
0.9041682969594228,0.4910379829515584,0.6765668221444742,0.5091132930582833,2
0.8828451686504429,0.4279374740518804,0.7893677547105211,0.5544800999566374,0
0.7795607629266856,0.449928068765908,0.5574252425629915,0.5852804980426054,1
0.8613587968249891,0.47910697042509576,0.7851553281809928,0.508085966512795,1
0.6080982702809429,0.5378104436610055,0.4725830621054653,0.2927991077461404,2
0.726039602374186,0.3717219263595892,0.7148149053839995,0.4643303334134405,2
0.4736374476829607,0.38282372082578237,0.21330027598681253,0.22081804612617117,0
0.8518972387407079,0.4619072838905796,0.8115545610778917,0.38855597747370957,1
0.7833463765877763,0.4498871297657912,0.7548526604113256,0.32742126565750584,1
0.621090345777278,0.3607066655062571,0.6802384579944345,0.4628442809449534,2
0.865526884668665,0.4010345914569745,0.8364870089705618,0.39249171760824864,0
0.8167062799962095,0.37251202807359896,0.6062935083183568,0.6026157573002384,2
0.8697439731416509,0.34924964839598127,0.7840231650767041,0.5931711929871438,0
0.9469263233581597,0.17698120624326857,0.8330539490271451,0.6028074005192441,1
0.8922085555867099,0.39003672342041446,0.7253273573685391,0.3205211747548198,1
0.7295695762089812,0.6007991868946718,0.5327634303084838,0.4109936357451004,2
0.863778536644856,0.40591940115325825,0.4305988254308089,0.38154052813956907,2
0.549081610954689,0.4310705208628854,0.3933821248232812,0.24588962210637827,0
0.9098905341652009,0.5433978940652231,0.6819913562407277,0.4313208485670717,1
0.5234974438307571,0.370878366558966,0.7571612027884684,0.36146329031091085,1
0.876115361515428,0.46449576954781446,0.4995998160236001,0.2851233111699004,2
0.7784147056374896,0.4295778053112118,0.553742106623293,0.40205226892183676,0
0.6876096085498011,0.5384095534058481,0.6260481301376217,0.7322863256027866,2
0.846969305953873,0.625973441452783,0.7849058431828996,0.6788027377417464,0
0.9645511339544591,0.8212901602992367,0.6886084175919139,0.3899944232475626,1
0.9041839491352335,0.47772673462333276,0.739260261082948,0.5312395264056182,1
0.6366442014847684,0.7097076009475005,0.5026496994288688,0.30961448792667057,2
0.7629217867842855,0.39979430004292726,0.6254218336182991,0.4185182457595365,2
0.6281025279258656,0.33177905008438735,0.44159240673273076,0.18623141539407878,0
0.7048796636863788,0.2828598471120582,0.7971697531051787,0.40661567284838634,1
0.8297770847698811,0.4193909003106684,0.8020264069964503,0.38880333406830847,1
0.7657841901553607,0.3279752825541279,0.7813933215307922,0.4042777730101661,2
0.7646809856139116,0.4519994240098922,0.713446993094541,0.39131611680557166,0
0.6467371872441974,0.4583049215035835,0.7306634286445188,0.4953364934025824,2
0.9013672590208808,0.7620532803302875,0.7592272488814314,0.46470056292575335,0
0.9367096084555241,0.1423726714834113,0.6308044094236779,0.5931331782459648,1
0.8510730997668061,0.42361768837803987,0.8095964118399844,0.28933704228834234,1
0.7524770843078655,0.6301481731967831,0.6202897324847496,0.41838575740750383,2
0.6207997137960359,0.4242691761593773,0.6341346561387773,0.25358596463072114,2
0.5474012587323183,0.31116889138856085,0.3613577383741953,0.2613417032558361,0
0.9264062300211359,0.4877588741963321,0.6290248137891654,0.3735227378547725,1
0.8407292819513414,0.44225527905423156,0.7495716303804609,0.4049917426766758,1
0.8954153129955245,0.40113423687659394,0.8160039663696304,0.4564575799202825,2
0.7799638822590831,0.45738032681066065,0.8714490902925656,0.4090078508892195,0
0.8896024706113548,0.8626742496990035,0.7164033782367942,0.611700674385286,2
0.9660815135033833,0.5789253489483142,0.6840531803680295,0.6037764577493179,0
0.9446907303357143,0.584835606455782,0.7087893932109228,0.4667799044124492,1
0.8777275614393437,0.39541209334010374,0.777755693793901,0.5242665954588395,1
0.8024862706553118,0.7706806207519281,0.62698162952538,0.5546050948427161,2
0.7733441097290393,0.34410533075664296,0.5862906900028921,0.30253160344484525,2
0.4964675589951249,0.22644756172657177,0.4593232969378831,0.215955264855714,0
0.8983392854028877,0.4739198541781834,0.7876369599522465,0.31129455363215264,1
0.858109178340948,0.4253981943349643,0.7923177761293587,0.39825557351730917,1
0.8451552233093899,0.47801052980310094,0.47523677257767505,0.4784905687904297,2
0.8879362129710374,0.41844400883607646,0.6727019999437337,0.3944999777628438,0
0.8988568845408477,0.5274362029023132,0.6574608702157523,0.19765773737051462,2
0.7599811558900104,0.5106944856793647,0.7837550421421081,0.4187435371189798,0
0.8958190624692274,0.550967773700836,0.7455151511692665,0.2941525213247036,1
0.8995088378350208,0.4514478457917684,0.7098113519170522,0.40018432514533014,1
0.7231408194463189,0.4212862877365196,0.812357300019839,0.6016961653880085,2
0.811052335769039,0.37116313432911746,0.6700252625146649,0.3720015640272915,2
0.7159872189376788,0.3548455855011826,0.4767570463251148,0.2468305018374534,0
0.7524738511355662,0.5833451339651208,0.732085878166168,0.3523818833559059,1
0.8756579424114536,0.417807003976098,0.7477646084653556,0.39752554195312123,1
0.8266777079394705,0.37068907740253154,0.7083865569910603,0.3592583010899557,2
0.8910964802706589,0.4457998420837619,0.8217798943723781,0.410847009211677,0
0.7752525437844109,0.6575433849089221,0.7419289402795632,0.5364084877265225,2
0.8517470918907558,0.2384862925253738,0.8348011134134354,0.37598842552577827,0
0.9469093472826802,0.6145924977559059,0.7287749747769326,0.5816953322624461,1
0.8971965553349744,0.3699873701905302,0.7625927886112075,0.5305809094512117,1
0.70062766726835,0.5348129765395266,0.8223072809497065,0.29244904245630154,2
0.854559908446125,0.28866274684181176,0.6615510364091223,0.48637087848855765,2
0.49839868893092093,0.3347311926826869,0.38482022698220725,0.23977477115796503,0
0.8437249244452076,0.507793195439528,0.798162482580357,0.3590891528679843,1
0.631299499343524,0.37455230452023447,0.7631185353136288,0.3933340467085809,1
0.8723497180220333,0.4923440422391145,0.5855374730569792,0.38004928622491585,2
0.9238384847637264,0.4558840868379625,0.5576230055663054,0.4200505715270665,0
0.8733973790835967,0.6599212975540502,0.7450524335424843,0.6362354702849989,2
0.7444583942719646,0.5028542828164296,0.7438954239064502,0.5229778202046884,0
0.9494129451059745,0.7188729839246093,0.7214570661989251,0.3097855661146234,1
0.8697264227608505,0.45557044948281045,0.7168800084707277,0.3080095547200366,1
0.7776480253598377,0.26132233957037826,0.6281243508589169,0.4602763415831553,2
0.7616415556882383,0.3041593180421397,0.7822082200690208,0.5218082934847362,2
0.6782727593533098,0.3668171395069632,0.2029506416166921,0.27373777788391984,0
0.8303817512620535,0.48950525648402365,0.7833405541785717,0.3891869506032855,1
0.5524434832351872,0.44174478850927873,0.7966438721200333,0.3564105418754116,1
0.6944057933851598,0.37665500495329657,0.6827563028835699,0.5774101631448619,2
0.9206883509420467,0.4261044221609843,0.6982825487551739,0.367407368425537,0
0.9073105946294503,0.6881420731152474,0.8000422916854029,0.8128234462310011,2
0.760215941171344,0.7648076896225626,0.8603262570725814,0.3509810850143812,0
0.9229966618442946,0.36597143131827214,0.7560380228563345,0.3588548326030608,1
0.8392909313158872,0.38910861349700665,0.8298770386680547,0.3858759807432449,1
0.6823215362933538,0.39121126419720037,0.6543658304355964,0.549277042196935,2
0.7279631771832361,0.4074362685641683,0.46761533261598826,0.46296257127502766,2
0.487232876625185,0.41649161985102495,0.34934950519753627,0.1908680858089548,0
0.8381697275522051,0.4146023684363872,0.798474204944657,0.36643271977289804,1
0.7964339379859035,0.4452210251064005,0.7270566331022401,0.3870192171231012,1
0.861240149735975,0.378871410960514,0.6663510236478821,0.4627883219185812,2
0.9245597944762309,0.4380472391510618,0.7237807361338293,0.4184424001713535,0
0.6040516037533952,0.592543740241834,0.6777787827358589,0.5547492966953177,2
0.9579164591742124,0.7780563096823696,0.8472618111046498,0.4139802136315933,0
0.7424638559690722,0.8115625946166657,0.7524558401607897,0.2528665843042685,1
0.8422976831303,0.43986003763673,0.8170513171061626,0.3910968502853589,1
0.42654986843570636,0.25401741415532675,0.6899042765018258,0.6187343109349436,2
0.7501739978358684,0.37700148255055954,0.7348546372372816,0.3478115535540445,2
0.7957565314801862,0.29902248413354404,0.33865279789964436,0.2547406246687932,0
0.8821194567405369,0.4089417110640211,0.760567316324098,0.3617773954436003,1
0.8909681276697978,0.40679952363742056,0.7664555686739606,0.3451633005810716,1
0.9014648146153268,0.5759034422805368,0.6047970004767783,0.4338202396335026,2
0.8854442970383732,0.45852612110011925,0.8747234106393569,0.3784678966674939,0
0.8464601373381161,0.3057616390819857,0.727349571502248,0.4454855038064312,2
0.7599622827255234,0.3777147261765882,0.8113293195481882,0.5418741124333306,0
0.9104298969488666,0.7563384798403734,0.6364270574014659,0.6962834697592607,1
0.8698449944865729,0.4756074514488474,0.7349971599887716,0.3030609792294609,1
0.7912614213050434,0.49667765838968136,0.6834926921346223,0.44738969593959765,2
0.7642563588063382,0.41979230014962055,0.7542042390728072,0.322440009462924,2
0.7972777499458397,0.399169519312047,0.37346245330263095,0.2230456981702435,0
0.7663332055752292,0.4470230840567567,0.7706947682851731,0.44006367013552644,1
0.8895103502345525,0.4408332225423483,0.6814190681385451,0.40697246121206443,1
0.8341057822599863,0.45995953424067043,0.5673445997011722,0.37263529648184746,2
0.9216088433165178,0.42648605656970584,0.6412722316507503,0.32488203385520914,0
0.7679550355967545,0.6269411650559893,0.7058591217184341,0.5581306604387619,2
0.9437097847170204,0.5410081925465642,0.8639749607728491,0.4726631306606117,0
0.7615001819390348,0.42823505975077725,0.7831552998609983,0.4095945832616801,1
0.9168497266908612,0.45920344888599557,0.7630066378677287,0.48501380723633036,1
0.8079865357872388,0.4446466982215389,0.7068012125885619,0.425242985467793,2
0.7383977048789365,0.41128649257791683,0.8173217039754791,0.5349607599649042,2
0.8396302842733327,0.40636960200774175,0.3308252242603434,0.24229646494162158,0
0.8392504948263246,0.5327081215723302,0.7693463815363788,0.34157872996335825,1
0.8549934949947222,0.4323779090017097,0.5539837693812478,0.3897058928986706,1
0.8595306024757545,0.5308652800071949,0.7393378999073202,0.33918788195149574,2
0.9157019659132237,0.4269718674446943,0.9185212004121408,0.38544368212094005,0
0.8312534515732017,0.38285013462681283,0.6896068733048499,0.2687489144311116,2
0.854409389186561,0.21379889361331705,0.8066422814843502,0.63514406792449,0
0.8471251658944633,0.2990633199692281,0.841655601500793,0.5561709417276747,1
0.8372756932064919,0.40607357098799113,0.7420491239148744,0.4913797784030154,1
0.6768403618206795,0.46799347041165923,0.683335017317805,0.4503900284988723,2
0.3449728218502361,0.4073252874589471,0.6540812547184094,0.4812633109933516,2
0.8361283418529749,0.30276325909905133,0.37662578172535416,0.29246260852918604,0
0.9009396888636428,0.3886339627504035,0.7452358530557359,0.3659796926918366,1
0.9014704321378292,0.33978442558468797,0.7183328422453171,0.4027815350088007,1
0.8007434916615642,0.37029986174741614,0.7121017146804787,0.3721457994162035,2
0.8434901612652793,0.45550439408216975,0.7663297479812619,0.3953112127738518,0
0.49279158918526406,0.49128686716738446,0.7096633845563954,0.5029665474753338,2
0.9160315973789791,0.6315117011047048,0.7637193501359363,0.6393941078237286,0
0.8707349769540482,0.715148492676797,0.7458349615620062,0.6143701058102187,1
0.8418859525603974,0.44887393300837763,0.828427051421897,0.5124841579221708,1
0.7393702366875119,0.4496244990891212,0.7441560316973344,0.29529799070616874,2
0.765817974395277,0.37426476631512684,0.7713875639052502,0.32903202487731475,2
0.5952249264903898,0.27875186969119725,0.44176143077888597,0.2787255296761537,0
0.8788275451229198,0.466083462221034,0.7551924675169231,0.4419741484836146,1
0.860450234314119,0.4319182427881344,0.7973073192372251,0.36181629899072515,1
0.8448823867697861,0.5554657355393946,0.6924004212926982,0.4469762319084449,2
0.8944873464113503,0.43262206885183535,0.6978525571867017,0.3653586157392605,0
0.5817090177724877,0.7278658997082856,0.7475412375619318,0.4555249603662692,2
0.9126816197152794,0.6378355187663368,0.8443596489729526,0.5662079971963869,0
0.9468465036126761,0.3526849903747043,0.830689310067769,0.3909550333787647,1
0.7437444732459639,0.4001544196182516,0.7184844954747291,0.32689741967352093,1
0.7354102506158371,0.5601902520891586,0.6159423628785005,0.3653954028107291,2
0.6880962926519064,0.35620961800414375,0.7439582737359015,0.4759527786593739,2
0.7276574012898109,0.2819864817850999,0.20847983060075337,0.20593566137293534,0
0.8944704045798342,0.4094889333933689,0.7283627961590008,0.4489438697353234,1
0.8405203699805316,0.4200950199146375,0.7901697081671527,0.3481735070830524,1
0.8184405515573289,0.3109783540136036,0.6438455456101753,0.5589955893246026,2
0.9224669599408973,0.4165523417293828,0.6529090448704862,0.38017619884611326,0
0.8427842820145816,0.5417860197651776,0.5945400326845125,0.203904236976575,2
0.8578593360055171,0.43899921067421116,0.7117276129161894,0.5843324922275236,0
0.7169827311490033,0.6851295475679297,0.819861887856358,0.39144116091771747,1
0.8846739675475985,0.37483836254953423,0.7948857847103727,0.5244175352624643,1
0.8886637160571021,0.6265805049480355,0.7654294425538566,0.5652674487428134,2
0.583491074385625,0.4133073795475398,0.7423770719743061,0.3814417260441375,2
0.49896620309223233,0.26702910826806336,0.390754574846685,0.23614992926116454,0
0.6814474095266652,0.48066764792625427,0.6560477903086006,0.38594448739767273,1
0.6767720555521152,0.4335385402737194,0.7852561158776079,0.38980265109337203,1
0.9063219832307376,0.47252160377032987,0.6548166975156284,0.3946385958813906,2
0.9228770290581243,0.4347664660213762,0.8729655928683159,0.38004488121350377,0
0.7989685436552343,0.5428073079798976,0.3630105408138814,0.3768500738364049,2
0.7604442108161015,0.4960713314816346,0.6995309428993488,0.3307016771190029,0
0.9273674206845798,0.3694609445020076,0.7680755005635741,0.34068964187530754,1
0.9128660623572954,0.44494050644381894,0.6555076224716951,0.5289745806804158,1
0.7148810722089394,0.5419547401664453,0.5060031695730942,0.6090967807045727,2
0.7141115980802308,0.2800565766366407,0.6856403426600128,0.38907890475100887,2
0.5121624431206797,0.23987519613272845,0.4571423044888917,0.18474788117256313,0
0.8808569292273107,0.4466080769024206,0.768704109318824,0.4389990008201333,1
0.8716840560323078,0.42509871539438043,0.7992060333286423,0.38452875100266687,1
0.7322125052055517,0.28684009300939595,0.7059301078170833,0.4364873330543612,2
0.8604465681888779,0.4584573755964074,0.6408316592262939,0.37610792981286945,0
0.7983689756554073,0.2716652933539925,0.5394795903582701,0.6258216270156627,2
0.8964434808322883,0.6536909424012366,0.8323293622401918,0.5231768832863435,0
0.8903291807697946,0.7205469037855099,0.7709772842160654,0.36483993937788417,1
0.8855548011606147,0.3671288001254005,0.7016937399247388,0.2754222005007433,1
0.8731036537860378,0.4541268546609472,0.7591113284619757,0.5945831574114198,2
0.8255456218725699,0.3959972704598566,0.5435233532517076,0.294107352040767,2
0.4656282327007856,0.29397630781526785,0.41489377722111237,0.23649774053703543,0
0.9079859326913534,0.4826014095383876,0.7928918426684655,0.35598669267048844,1
0.8225705378270586,0.44860506442634873,0.7719127318096755,0.3390312023147352,1
0.8752573564535684,0.26589828757608047,0.7163821322830763,0.28636980074542606,2
0.8452805649469776,0.4116896276389969,0.8171638868344674,0.3890757584618181,0
0.7359237561457552,0.29716195988336996,0.7073063140690865,0.7848196354655967,2
0.9261607627380825,0.5318781173600864,0.8549201987592769,0.5328682273004433,0
0.7755679991608883,0.2707088553279204,0.8485249106594068,0.31532768094805697,1
0.8818324642568506,0.4340791880182283,0.6933295982010536,0.48467145676372225,1
0.851194772418397,0.7195649700893462,0.7289532095198061,0.6174102494955311,2
0.6415954673548664,0.46050913099224544,0.732271643528129,0.5049172943353923,2
0.45204684215941293,0.41204451883792337,0.29978641994093713,0.2753457882807879,0
0.8812871787875718,0.38420021821207107,0.7841173152584432,0.37490884483316433,1
0.8445264036945839,0.44267725184507134,0.573819713705106,0.3861976535343211,1
0.8308040760332902,0.5622914442796743,0.724310184438226,0.38839870107511926,2
0.8537908340144714,0.37547301742228006,0.8226073682741624,0.3444252785888824,0
0.6439954043626699,0.7854874978186617,0.5670324806637091,0.4645097079939604,2
0.825688998265522,0.7039798477690568,0.8080729444243838,0.2636278868087284,0
0.8093933530367272,0.5574085207210723,0.6932365473608766,0.5982773663174681,1
0.8691466505528603,0.43724441718090534,0.8261681534720996,0.30091284686394626,1
0.8057464310551965,0.5685113925957352,0.6676687144179567,0.40834143034073317,2
0.8123112774795184,0.3547364162163816,0.6710425573907319,0.4601420325562257,2
0.6065989212409794,0.3776206622184674,0.3600955914884172,0.20101615539862921,0
0.9331168568788979,0.4771847449549019,0.7580406499636346,0.3622701372792398,1
0.8566791875789213,0.36861122145713454,0.7670450139306766,0.39141671676553513,1
0.5880553277530989,0.5648517762785198,0.668710281929073,0.3148920960433106,2
0.7699380783940585,0.4432063830408435,0.7563876094807465,0.3946960371044269,0
0.5993889505041377,0.5322733500803718,0.6536434054940402,0.6875813386034532,2
0.8820115138519058,0.799734497385594,0.6694846227059735,0.42953236108174725,0
0.9432699391709709,0.7153852934486005,0.657682426893279,0.41975569046761446,1
0.5636923622327354,0.41383290993592825,0.7839955238271591,0.4161922699126117,1
0.678399366339382,0.4303135135467563,0.7079844183504104,0.325481103585669,2
0.8543934528889442,0.3232247224030371,0.6920953547954828,0.344071941868493,2
0.48564626162740454,0.40517628215944923,0.2594335304101064,0.15467226822969865,0
0.8874131355922584,0.5545687109185496,0.6957668643293333,0.3887356450012508,1
0.8331054190195926,0.4360435491365303,0.8059028481986181,0.39608716487999,1
0.900278623174924,0.30734939036201875,0.7050170568679092,0.333757592209059,2
0.7944758005864195,0.4248832929315193,0.8180586950613085,0.3703577268964209,0
0.6182899385202634,0.37878133636211064,0.7116279465377804,0.5455237610352337,2
0.9278728252746977,0.7101550220688592,0.8185232051047873,0.28475369318170524,0
0.8381156573809173,0.4182146167343375,0.7685258533722386,0.5989351195152051,1
0.8630468374625425,0.4173619805196288,0.5860317412502161,0.4757322769267264,1
0.7646783453069605,0.41239117820982685,0.6710067114492951,0.42112788769849824,2
0.6949548579104223,0.43956285426220754,0.6200562579743661,0.4449560704485074,2
0.7385363470604359,0.27876704392237334,0.39337618825698084,0.25192410205139254,0
0.921967141187393,0.6105352605184956,0.6587755762872851,0.3483436699563285,1
0.7965995903800952,0.429516179359973,0.7306780101940316,0.40355251365340694,1
0.7831733755140731,0.3230489053010481,0.8470141191658742,0.4547670213491691,2
0.8865089583129783,0.3276814029857087,0.8447964529543751,0.3434120725640076,0
0.6963653399466059,0.6370227488915736,0.7677174975149841,0.5789945626029459,2
0.9483814446713541,0.5044535317678587,0.6397908568106363,0.40378494839190726,0
0.8655149538582486,0.6925090408830471,0.6304748003680442,0.40562228345543133,1
0.821541516414052,0.3837391607637514,0.8230651575877335,0.3965456724446598,1
0.8234806127533628,0.5604878485924817,0.7735920094617996,0.3291412526189222,2
0.492798928308951,0.2807428054762996,0.5887087976070404,0.48309360886744357,2
0.7939732463535274,0.25692264572561696,0.29585268239218,0.15807687413557436,0
0.9285590209694049,0.41376708539403806,0.7813442677894725,0.41260026503890523,1
0.8106339522709335,0.3134377149177257,0.562870976458295,0.3603911992993916,1
0.8534045826992227,0.5230476215537102,0.8557881398697588,0.6402321727056618,2
0.784421259000616,0.4114888028385885,0.723571512351091,0.451008821455145,0
0.42220671219862604,0.5802351880526835,0.7386509941374814,0.6164490418476436,2
0.9215881520919389,0.2269642085987867,0.6930610105998015,0.4183368924207591,0
0.9680659075146701,0.7265397627819487,0.546050692190239,0.6334630751413981,1
0.8327645385458492,0.4189560820139961,0.8005251497141821,0.3412472382134593,1
0.7986241439606793,0.5557534747449109,0.6442967432032539,0.38847395733497386,2
0.8359620952126189,0.43402748190550977,0.4591425806168134,0.45919066671443465,2
0.4243605416620466,0.38768119197818435,0.4015302256167075,0.25919510591141287,0
0.8726341870470634,0.5588261308439076,0.7053096500478943,0.44179426237806335,1
0.8846830855464374,0.44882567288300707,0.7705300624071009,0.346592452905564,1
0.7301632839457224,0.571169005173205,0.7940458804028492,0.35354401163998267,2
0.916145820882005,0.30247772295691955,0.87203369979889,0.4380071644294529,0
0.7928308321636498,0.25500797042696044,0.6268161896438191,0.3417840216858941,2
0.7582472962387086,0.37925164738774,0.8009590318352522,0.44006602771566233,0
0.8721117966428604,0.3707692335984034,0.6365550000749792,0.2454785384974626,1
0.8346777426438555,0.3734972884886763,0.7036796705978233,0.2985579208475171,1
0.6369757068002976,0.47910054752377884,0.6364465871658246,0.5592146981078665,2
0.7771812878388101,0.40707429760198716,0.7736209398171311,0.47139828475482565,2
0.8239880508724216,0.3461826199791608,0.2803819236286729,0.20121073412975327,0
0.8176465446310102,0.4137478162041832,0.7876741876950358,0.3941256010826617,1
0.8601884145561053,0.441830292053236,0.511240207949432,0.40746013608872234,1
0.833586226113902,0.4406478297317814,0.7267000635790634,0.4185934250926461,2
0.8307644441929234,0.4461739441896865,0.6432819526744881,0.38663986095025155,0
0.7687296656162311,0.3399241702049247,0.5220863308329025,0.8411706711523655,2
0.7623211968499869,0.5181810998607662,0.8318771114520555,0.3233848376260887,0
0.9650352158894437,0.6902934749536455,0.6933739517237477,0.48103002241205556,1
0.644921121546859,0.4921659856338698,0.6852501050141753,0.4476634176183918,1
0.7514265453338265,0.5656955284962651,0.6074580929558142,0.6375845140105707,2
0.8138083957741397,0.36662548047288634,0.5628299022233182,0.4479695532398395,2
0.4648305871420273,0.36270053798429813,0.34714850420101273,0.24626063710790647,0
0.8326133555836209,0.45583564389459164,0.810171929473781,0.3629200687111086,1
0.9050758570334232,0.44183253318773386,0.7511346698216713,0.3955223241638468,1
0.887130000593102,0.2888598085931555,0.7754929492767232,0.4225865516070962,2
0.85758891588117,0.38500022244311366,0.8626600151357271,0.3795282634292945,0
0.8191541695565392,0.6137687350379759,0.810773005614914,0.616981267240074,2
0.7756544445361415,0.502886712347159,0.728396356069965,0.5925071245987561,0
0.6785199171554299,0.4616142710404003,0.817040899829194,0.5277616336862943,1
0.8339274957784341,0.4151853026574661,0.7887331527600161,0.3715758559037749,1
0.7742043144371638,0.5329753374387607,0.6385678097572192,0.6357399449386485,2
0.6773951166821363,0.3945315137929677,0.7440628537818532,0.2991573055352684,2
0.8060313242637946,0.3009428559673182,0.34737854631145226,0.1901335788111376,0
0.8709588502365496,0.5209002502530053,0.6959293647798883,0.3549705136229135,1
0.8325660242995064,0.44766227350940735,0.7796641020121547,0.39079779278909965,1
0.8515324665996984,0.45239809224171995,0.5487384190359228,0.2793356864587052,2
0.850215226237322,0.3941714964879468,0.6757797007363946,0.3917762129615595,0
0.8003489333341854,0.6673439095455522,0.841098269681684,0.7661074944947651,2
0.9718415846063604,0.7557075245659728,0.7055448137419648,0.35911990647359165,0
0.9519467260627877,0.3877342621641402,0.7125570296624193,0.5971108491524262,1
0.8785875218225383,0.40285065408481313,0.7702468243292079,0.33629860788514054,1
0.5488527726997147,0.6522272048818841,0.6720118663607398,0.4827010687732083,2
0.6240518431608884,0.2899206966354302,0.513912886688931,0.28477065559538184,2
0.6011514744015458,0.4117553936167704,0.306558711640097,0.15063843041517097,0
0.9139875529933856,0.42015289755065405,0.7821128632475391,0.42689481873321866,1
0.8439321309314737,0.42757603621138807,0.7275023096276965,0.3960173625378573,1
0.8740722297468091,0.4748119490231332,0.808429239641867,0.28830336491985487,2
0.9105145752574365,0.37159485269968934,0.6386048490002574,0.33428032259436724,0
0.7472932723887831,0.5417462127577493,0.8189782484560518,0.7789058657350059,2
0.7637869584208518,0.7400301089118216,0.7829016630233869,0.712189120811322,0
0.6929583491587499,0.7067128523622903,0.7792739432155409,0.5712112246659946,1
0.8569538101436005,0.4755716712185385,0.6848239566135023,0.3344775407956144,1
0.674401386027118,0.6698997401981229,0.7400353757181803,0.3157955306114635,2
0.7945268223232582,0.3121626310024076,0.77209569802337,0.43230548216008624,2
0.8244046300670882,0.32540132430944313,0.38176202465879244,0.19627913409998632,0
0.7085499046369954,0.38876290913907885,0.7460334695433115,0.37179876046245114,1
0.905379637718232,0.41612820300885506,0.7260936654870378,0.3967824175004783,1
0.7712813981831451,0.4842409780079991,0.8374862956906394,0.2390618709739688,2
0.9206713985140208,0.4094905600370561,0.7628977586531449,0.36487437636466036,0
0.5828597021827943,0.2997321497157288,0.4413081440957374,0.5152389668404529,2
0.8309843008120559,0.624100603583913,0.6402188580365771,0.45696142687697894,0
0.9614597719072924,0.6732375959199635,0.7840974703639567,0.360770895691514,1
0.9020508034960285,0.41378143380355153,0.7212358983318233,0.5386274846780996,1
0.8583142698204327,0.3111652214928524,0.7214347654538238,0.48141374767407746,2
0.8621583284184222,0.4445776033406781,0.7296388273999477,0.37292419978406177,2
0.6565526105001648,0.25792994949713044,0.4759780762150526,0.15247408572222843,0
0.8613428825489373,0.4613892143710071,0.7753966885677599,0.4136069982673798,1
0.7830962344138385,0.4474379393959485,0.7810517104088147,0.39009536383600896,1
0.8941428427626559,0.45081700586649187,0.8470632295629619,0.390237090062769,2
0.8835788078723573,0.44128273089887354,0.9127951810208051,0.39580549563255774,0
0.8181693188614141,0.28695708994351166,0.7843615597746325,0.7508429409987311,2
0.7302972869679227,0.6057517195265153,0.8598537945973082,0.6575420601086286,0
0.8554865468745798,0.43419728669465263,0.6993679862356738,0.6055866243753003,1
0.7340286188666769,0.43570292436945474,0.757653095930261,0.4840597730299875,1
0.800036353809116,0.5928246599119709,0.5828694356354631,0.6448180215185644,2
0.6313916949723184,0.40138405096825214,0.5233292562741751,0.3816594847290963,2
0.4722587670013191,0.27076935272600744,0.39904085387747185,0.14496087328746282,0
0.7533539599054212,0.5498986015639012,0.745155338961568,0.32008903837478353,1
0.86313598314697,0.4207144756840964,0.8080285674981607,0.406076827468052,1
0.7868417026484027,0.4555987876936265,0.7470885076938616,0.5175312091417139,2
0.6969739451737174,0.4510174918233617,0.8678363281471975,0.43410095089843065,0
0.8308770158193306,0.6935248666760698,0.7387603917915093,0.6149286303506838,2
0.9357746784969703,0.29457047186283747,0.7913018213640568,0.39721872350854187,0
0.9054499151509054,0.4144296096545527,0.686639167161838,0.4259461500432188,1
0.9007731843126268,0.381821705215441,0.6507805715159081,0.4065757839632349,1
0.7698073754109751,0.4455540583441831,0.6798112472054343,0.46819790340433787,2
0.7463658577673172,0.3404060199932859,0.7727387053290474,0.3374537239064227,2
0.7659322819879606,0.34131652488774245,0.5017810106464771,0.31511086595944715,0
0.723300620319339,0.5294325845627769,0.7790179939414158,0.4273211417433189,1
0.9114173343133591,0.427798972855585,0.7708885612369465,0.3008648731660807,1
0.9178076760369482,0.2676736197848817,0.6131808392222079,0.6150950124969187,2
0.8978592626100412,0.4216222118861443,0.6821437708700306,0.37963618074935596,0
0.780538380441705,0.4714916364995833,0.7647385572821439,0.6644960867782245,2
0.8421408227684658,0.6764494938022709,0.8604392666759589,0.6468448208407223,0
0.885330410681096,0.4769364483802154,0.8447238122154205,0.5869093143698266,1
0.8885582915741412,0.46841208604840673,0.7395501327796827,0.41927741724754275,1
0.8528691462627535,0.48401707320703996,0.8240056843013017,0.24167586491453744,2
0.807447412565484,0.39964344029062965,0.6453364189224564,0.3460409298486955,2
0.5073849227573399,0.3799088308125841,0.2925297882220931,0.32892297969941253,0
0.9149833092479775,0.43515967386004095,0.8075794573867813,0.43252747713824596,1
0.8666983299386772,0.39996157459053266,0.7755395475233344,0.3333134569833174,1
0.7648514050473126,0.5084126616194342,0.7349091712232555,0.4538510197796415,2
0.8006010213049427,0.4304042837750991,0.6347850548185029,0.42133184078530267,0
0.6588014218299718,0.4253619768692723,0.6459812521214775,0.6172079106682614,2
0.9129394188003122,0.43415706550727173,0.8629306445536646,0.5051334480420702,0
0.7820385006235807,0.3838350413947335,0.7088263230302433,0.605304943771903,1
0.827260372467843,0.45491217129145645,0.6750218209363005,0.4755546022552462,1
0.8907305816921186,0.538906498635698,0.5631223880697498,0.5605752380240295,2
0.829671545770176,0.3450464082682513,0.7255942084593133,0.2985039767881931,2
0.5483437961445218,0.3918228562471028,0.3692605805357282,0.22209120326416182,0
0.9192359732804618,0.5841843877075887,0.7864664658157648,0.4481247914039661,1
0.9042706095263258,0.44199125526538535,0.7996592723593929,0.3813971758859745,1
0.7304853368170565,0.4219143169378465,0.7682033549054508,0.5851129917833473,2
0.8127363163524658,0.4150364864370145,0.77061435409398,0.4224608194083761,0
0.8183493916428423,0.15197972339564378,0.6862954080431128,0.5380665334590198,2
0.9738442877640927,0.641595614005644,0.6746254604039061,0.689452323104918,0
0.7417928222227556,0.47726426533100313,0.73665671684575,0.5007076019117168,1
0.9073903558086411,0.4779624940036744,0.7328169464832622,0.3004882070832216,1
0.8584241142065245,0.5908098803990248,0.5711906701850487,0.6466763019123162,2
0.4878861339906758,0.460781659639019,0.7271917043782494,0.46147146436112685,2
0.5280570189403868,0.42036675408586693,0.3372141248251683,0.18061636972223533,0
0.8342336165132684,0.37775930542833913,0.7111840674974295,0.42060519056840884,1
0.8663049455152243,0.42543810506629254,0.7449981442263212,0.39158351761078575,1
0.8303614857160786,0.51472649502851,0.7404858976996357,0.3144285667929009,2
0.8524725788722165,0.419728467460151,0.7845708759534308,0.41757177752291225,0
0.6587368029755261,0.48863859917358216,0.5993110588436006,0.2904746496287892,2
0.786125214529167,0.6287725728055025,0.6828753062355513,0.34087501861505975,0
0.8301092094609123,0.28131122502640915,0.7999909954811958,0.6607044923763171,1
0.8835728508833605,0.4271717216557245,0.7086128293669535,0.43543566237979614,1
0.7183759982622347,0.5688413442785064,0.7843662000549885,0.34103153143218334,2
0.6929235685440998,0.3935799671397535,0.4281718091135808,0.2731352805240217,2
0.5003707155691317,0.37277047035756183,0.37486491403195227,0.2685132014246656,0
0.875762307148738,0.44679021992682294,0.7856216580955824,0.4205555341425204,1
0.8554472977065065,0.43491311767137997,0.7528415377516641,0.39548902396803537,1
0.5751436882231303,0.5322075290666277,0.573425272154834,0.4379385574818649,2
0.6679209369227386,0.4402052787000645,0.7917600396542962,0.4074857851434783,0
0.8879499578600343,0.48309935598374154,0.6122944372066657,0.5062448268603865,2
0.7668653214234125,0.6700235114494328,0.8020085305299269,0.3603625221519476,0
0.8330388001989203,0.6044170623277667,0.7560688573078405,0.6440883036496842,1
0.7499934486217528,0.452973959715425,0.7159373664390976,0.5014529880026295,1
0.8530055215568673,0.5845721267473469,0.6358045240928233,0.5699179178748562,2
0.8825902952307241,0.39071953186862063,0.6815564829649039,0.28734563624454135,2
0.35865392526089207,0.2639213811757584,0.4492964487651056,0.20557703571549135,0
0.86018389925754,0.5356656704376458,0.8050813655547544,0.44326680972248345,1
0.8980758325567761,0.44940015381209464,0.801767400282842,0.3898292807537303,1
0.8305122509072447,0.5909773600778416,0.8162806098685221,0.40220594741998056,2
0.8754423654206017,0.43381028424621093,0.771349684346219,0.41034849121349926,0
0.7847127646432054,0.6510308923503636,0.47497516583789434,0.5164693407046204,2
0.9749876143714916,0.4079967085633595,0.7813744532453214,0.4241316225182485,0
0.7675758073279756,0.7670665552902475,0.8503099132394912,0.5792402044520775,1
0.7822497507071693,0.4134339380825778,0.792580709440522,0.4245179157672703,1
0.7816435228982078,0.5424797642522026,0.8009765997976853,0.5697746095727201,2
0.606901024154794,0.39411761259403544,0.6399539612864771,0.3352725740653166,2
0.4881607059136576,0.2896570778625063,0.49688043627762823,0.2511504640345949,0
0.9246883309766853,0.5286213271577102,0.7874473007413751,0.3117044721767941,1
0.9120008973295506,0.4508392231222447,0.7705786515254616,0.3988515786832565,1
0.895116971742352,0.48822374169187976,0.8777066580617765,0.3136668339344407,2
0.7227504215317322,0.3516348875683411,0.6599944498342796,0.38847136900559937,0
0.8950756407093885,0.6909867505687695,0.7264465365152312,0.5593009461923191,2
0.9398621105131657,0.4708746897122673,0.6529066814541207,0.2112529414889575,0
0.8284031869528871,0.7498962628414517,0.6366438367800221,0.29960702087486124,1
0.5699297571817608,0.47048010145415936,0.8289106441363836,0.549851843954763,1
0.8397993660391118,0.22875449253156419,0.6780544267225898,0.4551242052578457,2
0.6000533845011524,0.43348140475579594,0.7268516023631154,0.3726369844685704,2
0.6239722963687762,0.4123004070493052,0.4405586838038645,0.2658460516143736,0
0.8612258209814927,0.3347952208873197,0.6249214145516999,0.4349690623105116,1
0.8247275731364896,0.4278406294349115,0.7532007061527919,0.3588968626850503,1
0.8156966545499099,0.49215163099391207,0.8001393201950823,0.3933230001909142,2
0.8276603647043689,0.4449951089822981,0.8258825779222804,0.38565030712109444,0
0.7710661991287892,0.3437594449069363,0.6597956250824442,0.575341169262127,2
0.9003401241525786,0.5006193400333626,0.7779802821551023,0.5269485684753279,0
0.6891625235924675,0.583927269786847,0.767473231602863,0.3067913764077144,1
0.8778346886149218,0.4481797870463654,0.7789160712056107,0.42785090011380317,1
0.3292714766956847,0.5799627270116875,0.7181763447972886,0.526967764252408,2
0.45849408607032827,0.36508823026461085,0.5294555066288281,0.4127031208267842,2
0.7320608369191688,0.3717583912497705,0.37158008107306856,0.21841733667213445,0
0.747888785143316,0.5661949069798189,0.7706144929141562,0.3786400206702969,1
0.8763586633986515,0.4211856535251761,0.7860318454777757,0.3838584141677965,1
0.8328348936716614,0.42452679171531454,0.8104926271975934,0.48281570353661235,2
0.9110287613110029,0.3720849580704478,0.7278505743524024,0.39671034062560745,0
0.859665356913417,0.4267449629810668,0.7609615851230568,0.6111448361952454,2
0.8119120556192561,0.40017730009568836,0.8401920980200425,0.6941469845814474,0
0.723470324816853,0.6295530330346375,0.7651496244872686,0.29346436153463973,1
0.8887509999263767,0.4647752939966774,0.6779987785078607,0.28620646496369107,1
0.690032314830861,0.5076357009105725,0.6271936834380574,0.3105813552258535,2
0.7598324807428791,0.30933754283393694,0.6113338402555439,0.3215026312611834,2
0.5446629057791783,0.39746668268751617,0.44283570308100256,0.22480885054606928,0
0.9322507927417216,0.3626758760132027,0.7946179730846685,0.40550346968567885,1
0.8482986964776528,0.43292815400181955,0.7521318460740599,0.3949035874663645,1
0.8883681159154694,0.4260272911849748,0.8204813297295374,0.3234213089421298,2
0.7727082684761261,0.42384752766000927,0.6606822692594142,0.3561577730881585,0
0.9032383410217125,0.14938101668151715,0.6154117409820157,0.6280564191076617,2
0.838472519510152,0.3310988819106365,0.7443592899703296,0.643064734508434,0
0.8623852781667241,0.5023741362601751,0.834733921436951,0.6126687359243965,1
0.883347746990542,0.41196656286814404,0.7843349361846225,0.41345074508569213,1
0.6813821241482327,0.5119089981662357,0.4479053718888411,0.30976995652959444,2
0.6170338519427382,0.36227430814687306,0.6740240369557197,0.3796803070708589,2
0.8336632149136577,0.3597721278689189,0.3925582056209046,0.25994207972283345,0
0.9276736574044234,0.4840967620939599,0.7797973314298552,0.3680737500114745,1
0.8316414856594259,0.43345745868431995,0.7756511932132696,0.38604173999390023,1
0.8073218766481477,0.27542020595655636,0.9049185599445755,0.4865776619370334,2
0.8170364358040043,0.4395240794946589,0.9093229652277662,0.3055058938676282,0
0.9338440893829549,0.22392271251856122,0.7403169397332109,0.648949592973832,2
0.8986960389645806,0.8316269985873187,0.7022908740185495,0.5632377416743124,0
0.8749330175328865,0.589266414092706,0.7652358050889704,0.5926919267749549,1
0.8752109268826066,0.43383075017758477,0.7079413114338258,0.4347230680233847,1
0.6281480576201091,0.3543729423962378,0.6484948431613443,0.28285490790882717,2
0.7306128813660951,0.39357312639836634,0.4677857486741754,0.36468315578505506,2
0.7078840741194093,0.346244684884884,0.24057160535674066,0.18361968841728618,0
0.8529228389814644,0.4071675936114458,0.740425820007696,0.3664875350889535,1
0.9030536362914667,0.4393627250187431,0.6717690904355157,0.38435926177054397,1
0.840487652389415,0.4983728718485196,0.5633888254521232,0.3944451569854875,2
0.8029945175067424,0.43274374850688546,0.8501071307797023,0.3541969621010157,0
0.39256156504970807,0.32643397476410985,0.6817568620977132,0.5501334311720745,2
0.8395703553551187,0.55477353028217,0.7763889251785719,0.4977844478987098,0
0.8123612944726727,0.6527783074752305,0.712129115269734,0.5312593116725047,1
0.8497973154698732,0.3657889625586053,0.7604536633397757,0.3275698228304791,1
0.7869584323605158,0.6228758530270024,0.716210836036131,0.4714661155536284,2
0.6911956121342814,0.444026895467046,0.7445873596201948,0.43593569787698483,2
0.7909156621493193,0.38377355746075625,0.4424922051245839,0.148745781269154,0
0.8507937387777571,0.4824759852757691,0.7534134170383566,0.4355929998106909,1
0.8972521142003964,0.424050830007478,0.7948528507515373,0.34844293760899603,1
0.8780933128395583,0.3831219897225859,0.7787158670750153,0.5134895102485919,2
0.8306276729845892,0.4441671850155088,0.8229414561791658,0.4002118259618106,0
0.39184139879529173,0.7218046639542386,0.6675467817801186,0.3405661676245991,2
0.9484433563248749,0.2949397837712112,0.7469544768502441,0.2632037398998966,0
0.6331383241960681,0.4052955452129281,0.6782355685182755,0.3492523617699177,1
0.7735725670303539,0.41994138686559324,0.7363515242260832,0.433847572774285,1
0.6981191798175452,0.6693018067917218,0.7278454568395726,0.2659712227022032,2
0.7186616644707289,0.36606661692350306,0.7471705853487813,0.430672049632002,2
0.8036481021216516,0.2738523533538542,0.4171360182783269,0.3183601204352175,0
0.9245199459714152,0.42972466635817763,0.7826035378300356,0.39822490308922637,1
0.9057404441486838,0.39633433694020975,0.7468093556565885,0.3882635818053616,1
0.8620283853462672,0.5334741650117304,0.8046381345814471,0.3230151429225239,2
0.9215719147300561,0.443826201527513,0.6719988657617815,0.4095236959264441,0
0.6764006461458345,0.5862693160734995,0.3467314143215022,0.4746354208095892,2
0.6538335972142272,0.30629057625880907,0.8516734424136125,0.646839080514796,0
0.875015152474226,0.6854419199703551,0.741681428468588,0.2806880974036858,1
0.8531449389999469,0.4897832563703449,0.698157417429089,0.44741109527736045,1
0.7343206875458774,0.6261439336388256,0.7419380196457724,0.39830611489195017,2
0.69250374206709,0.34014686272835315,0.7206148347235392,0.43505246502294537,2
0.6295914487985604,0.347680415815419,0.6241513885036825,0.31881029412197015,0
0.8774792163153378,0.36144268350450165,0.7980538317844812,0.3823062309252226,1
0.8906665666824257,0.4423284970346638,0.7151518231416728,0.40529935298435593,1
0.6859347915223248,0.36300452352713775,0.7767052527838285,0.5328697036364175,2
0.9124098787551012,0.4050866787547355,0.8419637706970196,0.38541695659216463,0
0.7801606814310508,0.4641309082709357,0.7671556431100338,0.6337343158266534,2
0.8450593389643404,0.5358803258721578,0.8195379845639345,0.41625476299575204,0
0.8854463687148605,0.3125926007765425,0.7508143746185136,0.59756404479614,1
0.8848542981376013,0.3797709253425065,0.7698659720869192,0.42249902802656486,1
0.5356125656056901,0.6867369063051513,0.6468515961842141,0.2760703977024626,2
0.8417647420458432,0.35252222060152877,0.7629348444609909,0.4793122207252767,2
0.7001871553667384,0.36522250575126547,0.2004808773530791,0.27820840824530935,0
0.9244880732838129,0.5495243575642532,0.8044656960219688,0.3514825020829685,1
0.9001476283875933,0.26565348113138815,0.5661158928185015,0.4015012310240768,1
0.7532771782375711,0.3962494560095723,0.8015285516528414,0.40211955876987343,2
0.9221662902959578,0.418926697225924,0.881496673646259,0.41397467734529986,0
0.7393204021652167,0.7755508823291729,0.6719968625109702,0.6863429718139517,2
0.961650458039667,0.6742762356382789,0.8391936259514381,0.3226588359498677,0
0.8326741364480655,0.6404276917875071,0.775095834882071,0.7062504524353843,1
0.6866615550586851,0.3985803988351289,0.713580159333298,0.5251698076919884,1
0.8766454635917743,0.314152358309201,0.4965823795504341,0.6282929621702743,2
0.8485497354099448,0.47191917738446887,0.6994199488469595,0.40603346057930345,2
0.7270388164736348,0.28558705734640333,0.35804819889814926,0.19700355350819565,0
0.7697863927714227,0.39392741396667064,0.7372766750733292,0.43465032588089025,1
0.7604934930953864,0.41230426378225166,0.6840899016006441,0.31128852393973294,1
0.775656175673672,0.4778825011782842,0.682150490539824,0.4745613040871699,2
0.8350970594849678,0.3904326560264195,0.7667371117741786,0.40669930490623657,0
0.9005155381262073,0.38653624611898874,0.6985551621895262,0.655377438366405,2
0.6056083948093296,0.6620628469519021,0.7377584534467286,0.6015522122726371,0
0.9046213504706241,0.7037468192998945,0.7316699538023524,0.48527764503860715,1
0.916407122164125,0.43286366779364976,0.7153628049386938,0.5294939773446279,1
0.645208804382537,0.5721497022436721,0.7120706551968721,0.41753563177869724,2
0.7163357542854626,0.4003849099189162,0.5480415531353102,0.45764481190839323,2
0.4588936018898361,0.33115881346079135,0.22254847101473335,0.24172551972086442,0
0.8045377632444793,0.4430765122663619,0.5388974340278274,0.3699636634862782,1
0.8576324181499995,0.39860808478476395,0.8042928433601344,0.39940928105848755,1
0.768769017661664,0.5114397230053891,0.8888685660691612,0.39981324748571345,2
0.6856785031401814,0.34336801864946054,0.8694102477571275,0.34183629797901804,0
0.7479948019325462,0.6920517205203351,0.6616533048233132,0.32346968149525307,2
0.8570057238402847,0.6455008468939655,0.6594734669352624,0.5091088539154204,0
0.841372248727075,0.38966847081580125,0.7054206843678572,0.654423351068329,1
0.8589380458859683,0.35913933983500895,0.6733433218553205,0.2932622744922599,1
0.8991754461799003,0.18320059543182116,0.8167311715876717,0.6444180291151806,2
0.8925798092964184,0.30835702840208423,0.5662760680436396,0.44550546763012266,2
0.769433240083315,0.38930982827571925,0.3509064163370149,0.2685989827388983,0
0.8000756588006734,0.5085571401280263,0.7081483712039124,0.3982225168364877,1
0.896767057410882,0.407189280229336,0.7249609829077609,0.3156869137014947,1
0.6905981327834524,0.4272997363172781,0.7747393589159334,0.3875653564202047,2
0.8363877400806182,0.45706497124063844,0.661369624125138,0.43322295771553987,0
0.6381329672021961,0.40247530520288427,0.7917708335396665,0.5421038441984702,2
0.8663846280611172,0.6268727828027152,0.8174468542205721,0.4087136000831012,0
0.6719951582079813,0.6885443622622583,0.6401720900673598,0.47715985597042965,1
0.8845010400289451,0.4670482540306731,0.6892339793402765,0.3804778778163124,1
0.8253683820620832,0.7489476184916144,0.6520963958318484,0.4590435645560378,2
0.7774513657601985,0.3407519738164755,0.5910824268078831,0.3059531158450051,2
0.6383980469296743,0.3654092756707368,0.5240592991176769,0.2158308570079191,0
0.9003877764994085,0.4504596589096126,0.7625739601656051,0.3819283308777789,1
0.8385171152860811,0.43549806615761477,0.6433415675659934,0.35040353835422444,1
0.7669828782726232,0.4095206362133462,0.6871485977530303,0.47239831996484477,2
0.6103325444139565,0.42817616071733083,0.870080679321281,0.32349733902245414,0
0.7999938348496627,0.32217884085432674,0.6067765000230159,0.3384034371217452,2
0.9425758950542136,0.3041804131264974,0.848165102652533,0.6155226010151122,0
0.7529425636933523,0.5822943351749876,0.7396749859645338,0.4487849634205309,1
0.8894246645989015,0.48226286353923453,0.8057993127131693,0.29322301148772617,1
0.5909599316107299,0.6275378686320994,0.8200829700052542,0.6183346238224443,2
0.8356674163549423,0.387716390936949,0.6238953804418581,0.44046518847006744,2
0.7651719624410634,0.41523548907806257,0.2917337226558028,0.22256311905191029,0
0.8252657681915637,0.5764690679907163,0.7005535404641721,0.3424445569968584,1
0.8742207102979122,0.43616300972217553,0.7826862201304704,0.3560298288582601,1
0.8028008895726279,0.4701403595799039,0.8891446241848864,0.48079046907821466,2
0.7983096789861752,0.38124021440481903,0.7835100603411036,0.40621209911317385,0
0.9308901176936621,0.3336566305840968,0.7162046339302686,0.1828455861311352,2
0.968134756669901,0.37263984178843146,0.6768222081701618,0.614080461325528,0
0.9516768685900596,0.6504408692446564,0.8188920919667992,0.5206616524456433,1
0.8184947313642352,0.47029004638209687,0.7483897011853564,0.41957473840430265,1
0.8231284485762806,0.5580012746471557,0.8121231843200376,0.46118648520116073,2
0.8223900613468622,0.4626413710123959,0.7585862596295173,0.2957551971603592,2
0.678894411407152,0.3138328048262632,0.5318281975748574,0.3081392407074687,0
0.8891548146128389,0.5764438053283802,0.7657876172267063,0.3311142855645052,1
0.8674440523029076,0.4140637396732611,0.6820338718018183,0.3492465870072672,1
0.8841986153298805,0.42729061602622914,0.8227074069965972,0.3939720939124453,2
0.8668134392551035,0.3154012806937758,0.7169210492659729,0.35864077386443627,0
0.781832209659851,0.5249407598834648,0.8081419774338979,0.46984980035207224,2
0.6961205178623779,0.5682088223462056,0.6453346248475246,0.6657041304006003,0
0.8685467834755545,0.4722780866783715,0.7818579429491154,0.7242183388549104,1
0.8707853591151856,0.3612341968407793,0.8295561345679462,0.4150616861600356,1
0.8377810834556535,0.3065967884552335,0.7218777489259283,0.47339052250011976,2
0.6731973838508729,0.35515681070036403,0.7450118035669718,0.4973522422863488,2
0.6442014032179504,0.21182661514630885,0.47066224825303843,0.3611921825458607,0
0.8454898844708998,0.5452419125613777,0.8073643745094908,0.41824488317942926,1
0.8720287448045818,0.4474807846258312,0.7484242839999984,0.3940151697416038,1
0.838307042183433,0.5141376611300007,0.7386150816949251,0.41494083468864573,2
0.7039582962466424,0.3634136695746482,0.8015109794010417,0.4158958672979007,0
0.6444155090084128,0.6098838672708409,0.5922577884973926,0.6211540678129936,2
0.8849296689028022,0.18936955679138384,0.8153534581458013,0.6929021412195441,0
0.961570712288227,0.5245560618020535,0.7916809148498256,0.49057807842265233,1
0.8934102469682409,0.42864431412949944,0.7846461260803843,0.35655663359099754,1
0.6753134740640909,0.20469559266210618,0.5715799225194994,0.434495135970491,2
0.8015828887385434,0.3815394049403941,0.599440862397276,0.3603781168794076,2
0.5884045081396334,0.309137256308352,0.5465336061475218,0.20494350642295847,0
0.9292137307336842,0.36718478164034596,0.8085410904081608,0.42498929648602196,1
0.8997466079880728,0.42309924196361265,0.7479550248429809,0.3873521042066478,1
0.6615601293026299,0.47929478322118674,0.8281755792719203,0.5052779526130976,2
0.8402464559351653,0.4456970276215303,0.8544017116099653,0.32415760362785806,0
0.608839070512212,0.501799235778184,0.7098076344965302,0.3549515680031781,2
0.8578502006237116,0.5091034730043764,0.7969137491046894,0.5459477589045452,0
0.7891390884830859,0.24374615476396158,0.7889794680214287,0.555246831964338,1
0.8614751491042307,0.4671641456968664,0.6865803194660354,0.34287099985789793,1
0.738844784803439,0.6443910813531375,0.7723556510202494,0.5277368701657068,2
0.7187150738718595,0.41544615085792824,0.5517851417930264,0.314785419869413,2
0.8087465719845742,0.3062728912058069,0.48855535913103454,0.22112796108716776,0
0.9174577226615452,0.3623718503327199,0.8076101287438961,0.3519783685988783,1
0.8760550357557193,0.4286075809958327,0.8017717028314096,0.344178960716514,1
0.90956997295692,0.37424298910860887,0.6266850075795798,0.35806601872057653,2
0.7164046207829975,0.4368876297648081,0.8670881975168859,0.41723242267652005,0
0.8428904452354475,0.42985159225878666,0.76252961582653,0.7388220663519199,2
0.9601434663271289,0.4843028412303614,0.6756217381428652,0.4907833594506545,0
0.8226789725203114,0.6548507995188174,0.8261061492774269,0.6569878254733007,1
0.6915318971283847,0.41032050670811543,0.7178500135545391,0.4653361239607161,1
0.8954549651991298,0.6434648671371652,0.8048744357589177,0.6069053004825697,2
0.7264634346420598,0.4402930487968071,0.7373022551541499,0.45123368815227644,2
0.7374449803448215,0.3301450914759354,0.4823937799853837,0.16551061115168664,0
0.8990496180089265,0.60669811886729,0.7961782634349118,0.4374188646455417,1
0.8989503020901128,0.45019915554913714,0.7988395335834579,0.3980284014737089,1
0.5645414733421958,0.5020776931335256,0.5962607999267532,0.26940823813212256,2
0.8014490108612238,0.42852710263240784,0.7555118608422589,0.3544592716262517,0
0.8447600312714769,0.32824451337801275,0.7585655364723441,0.2767057151237542,2
0.9516221410429374,0.7237746410278765,0.8418546876376715,0.20480331479941055,0
0.765327623537875,0.535370861352621,0.827557983437611,0.40973926306744746,1
0.8605977379650529,0.4139565271593606,0.7013932592799674,0.3527762840229043,1
0.8356571928968939,0.6645258082649309,0.7483948436123755,0.5455272204269384,2
0.6336847846173416,0.37013181586519905,0.542269216188755,0.46008304694401597,2
0.49261838055888635,0.33210921409826255,0.23332366507714053,0.29831262477855974,0
0.8955840063625157,0.35550510352348447,0.76141239891577,0.37686891317587623,1
0.7811030936656437,0.42293659469497213,0.7059698876959982,0.3933337113737656,1
0.8841320970996438,0.4043552729408725,0.5567456573966714,0.5375239674077704,2
0.9067823826880428,0.400327554699906,0.8149510858725906,0.42509755050584647,0
0.698229645531823,0.7733244928042319,0.6553316060651708,0.32075132190895717,2
0.8183386422692069,0.3387306891724421,0.6948026404670017,0.5159289558320393,0
0.902835978040103,0.6511487052370899,0.8472332194844081,0.27004065885785644,1
0.8955080915749982,0.43227351987214424,0.7676940483857573,0.3729442168386735,1
0.809198898534156,0.3457437371863266,0.5523393379633652,0.7196186794659272,2
0.8290119956983587,0.3615192807939191,0.7559305074973478,0.2784641911208554,2
0.6187160209961405,0.40134171156302856,0.427012955102148,0.22694131355873426,0
0.9009311980086897,0.477476064043067,0.7575458562937328,0.3883098521951276,1
0.8826407379898209,0.4471820147582886,0.7317609303774696,0.32926546580155835,1
0.8703372265425549,0.5999951254542155,0.7436588520402293,0.4424844197368773,2
0.925534658811418,0.45605515352666937,0.8496277841884023,0.39226347900179953,0
0.7851798040830679,0.7073459788694217,0.6217256087640832,0.19275229277006664,2
0.7643790707793917,0.5037005701885532,0.6833527539737566,0.6381443340975465,0
0.8551677058525985,0.6594226615298749,0.7207068670064345,0.7177809696470419,1
0.9146631723027254,0.3708676218071422,0.8221557334559112,0.5149590996012618,1
0.6048408201076627,0.7014441238106084,0.717055450861505,0.32507729921800055,2
0.8267085849807378,0.39429468661100814,0.7347639420056572,0.34139639928727494,2
0.7296587916527305,0.35926742368351683,0.4638162120101976,0.16463766535423208,0
0.8291356818248123,0.26818179583546997,0.8104714524418498,0.37134389578752147,1
0.653832353875097,0.4372822667751295,0.6226648586390868,0.39153408307586646,1
0.901853263589435,0.44893934450898815,0.5555781613053548,0.46415934877392323,2
0.8677232261251684,0.44961800167129046,0.9036058047931699,0.3911409347969898,0
0.8264556550154576,0.7282948766206853,0.6798914216787241,0.5991266543704477,2
0.9119506346187379,0.6149857916678052,0.7733409960274444,0.5450489020586193,0
0.9248417359240241,0.3525859714636156,0.784148345567319,0.5928338619116111,1
0.8838994777685796,0.4402293125051245,0.8270670104083703,0.37642600220423533,1
0.6570585589881439,0.2818767057269077,0.6903994537150562,0.4718381940479363,2
0.6262954563966433,0.4268461276219026,0.7533617028493523,0.445454647122823,2
0.5881545947043814,0.30470127360894905,0.16144966273178415,0.2550189099137179,0
0.9107749412804784,0.35778943010897496,0.6055524936220458,0.35566553676797763,1
0.7886344650867267,0.3460009647854448,0.7059029314975076,0.39324552697091475,1
0.8470607975552379,0.4543355374005151,0.6582924358563166,0.44761855130513184,2
0.9128671485002003,0.44605135801542667,0.6611435683368568,0.35432865311687406,0
0.542004693531899,0.6068213044318751,0.7476499731449495,0.473183054220459,2
0.9776938490414689,0.7064314547517689,0.6501094519018381,0.4175021860166336,0
0.895570668864706,0.4616052573385654,0.6904610353314621,0.37031922456889255,1
0.8910035292798013,0.3777328351717646,0.7765059346818118,0.4638601931308445,1
0.7490808931472356,0.2718120373155504,0.6227295813968825,0.5879718805454788,2
0.5612133355829654,0.394301431948226,0.7483712529011693,0.40885847468368963,2
0.39686913597457946,0.42126335238899765,0.20565499933697567,0.22572165525609877,0
0.7700268881715958,0.4498836381320849,0.7629523721836982,0.37622883583613814,1
0.8536617205860536,0.43843081456475586,0.7931828200621327,0.40709605078895,1
0.8830354639854515,0.24862417338611836,0.8741608684121347,0.2709733047377392,2
0.8417099281602672,0.39082511899656247,0.8388160056293669,0.38175912986757016,0
0.776990911186071,0.6247815870497735,0.7264469666352606,0.5219771149463579,2
0.701105642333202,0.6748115917123915,0.6630123156243797,0.5783561981693768,0
0.9475178114338523,0.6310560056352525,0.6648240191074535,0.2836535828862866,1
0.7424807623854994,0.4744931810551725,0.7073597735266411,0.4135500093175728,1
0.7169195484780353,0.7259913810862385,0.6385893934541438,0.6074486633428224,2
0.678829214321681,0.38570933766378096,0.44167721869574317,0.3752016498447545,2
0.6754002056209711,0.350990331444672,0.49313988244269313,0.1594113300851387,0
0.9285622020223532,0.3276472369245131,0.7144867979156557,0.43738327476677946,1
0.8525307294604468,0.4433613813709164,0.8061536103126503,0.3958402742987354,1
0.7882143731131317,0.43204461988565124,0.8557789137932971,0.19319042298251776,2
0.874565092029028,0.37137129696855964,0.8192504678136842,0.3857120337919206,0
0.9055314354882034,0.7152078707567057,0.7227282197466232,0.5248929694432072,2
0.8377001484173902,0.7529997462568595,0.7148947260873068,0.35391355651979517,0
0.9306007049226341,0.581465486464149,0.7449575543610544,0.4491961007726142,1
0.8564025413761078,0.394741971611253,0.7998635230629824,0.4608277522439561,1
0.7872336552460085,0.5836082056083806,0.6350476579389588,0.3864716892185672,2
0.6164700167455808,0.4179027102632451,0.5732900925496407,0.4684711837905457,2
0.6699803791080966,0.3898871156131594,0.4306721534169687,0.1451193048036721,0
0.7100110430714114,0.41552358267607264,0.7197781035643951,0.33192916232881353,1
0.8515829540542794,0.443831308838607,0.673026661790832,0.39956743087291235,1
0.8864886548111953,0.5973030164090488,0.6268580708569952,0.28263105302443364,2
0.9019668392754385,0.45967045676236534,0.8045055024746893,0.3763510615821949,0
0.775409378028332,0.725884632963114,0.7657317712355862,0.6061988926638344,2
0.7837926577621296,0.7261148610203828,0.6565376277471103,0.5499794340555662,0
0.8813214231725353,0.35750393477695797,0.8175215119677773,0.5399917294102728,1
0.7745073695956805,0.4340278875256622,0.7471465630972882,0.40934679299164084,1
0.8520768221845576,0.5988467229046536,0.7287261700030279,0.3905628975140518,2
0.5656301420447836,0.35795261314436144,0.7234977959505482,0.5178835840966007,2
0.8336440716837837,0.33204981729833305,0.3104540336428778,0.306059150631397,0
0.8394512305988026,0.3399050929273735,0.7076393580246967,0.4246065937222736,1
0.8348650552278678,0.4266153415484275,0.7944623216362331,0.3989810880316321,1
0.867222216813673,0.28715294739713526,0.8611470184402914,0.37037321061789164,2
0.7826487483657276,0.3997990576791261,0.8736048344307683,0.3651534285268241,0
0.7534505395411409,0.4492172551575657,0.8461365002587288,0.606816274430352,2
0.8504524055486005,0.5162935302516979,0.721901285425131,0.5696095424946863,0
0.8910166424807368,0.48914968281827437,0.7268326403852476,0.5638659405549588,1
0.8167865842585574,0.43774548158460186,0.7840031624406062,0.4491000320048343,1
0.5980925337166152,0.49273437981972806,0.6232814351266032,0.2313432712569517,2
0.8851814140562362,0.35490853012321555,0.616662540765063,0.42260299149441066,2
0.5549247830420401,0.3767392498062227,0.2665721793113186,0.20588673596749027,0
0.620471279156282,0.35937085623450676,0.7785201498242282,0.40833489810213025,1
0.7224929127976429,0.43422702455944684,0.7232213701994481,0.3691341842518491,1
0.7151204180729821,0.4567890950739336,0.8567788709782775,0.16409246643781586,2
0.8420930349132789,0.33918309951930076,0.6824554820106333,0.3573648966421529,0
0.9149978074459214,0.6648193262322464,0.7285407175531051,0.466682561978754,2
0.8265907000877251,0.1534651679942951,0.6041330319104582,0.27135533284124946,0
0.8946419474303655,0.447659059680186,0.8463760285446932,0.6663575093330556,1
0.8578477008900365,0.4448699502053406,0.7120255861814968,0.45048141631097366,1
0.7357189954592908,0.5353988926382152,0.7808678117270305,0.33671439889409366,2
0.8111240445187619,0.42738996417876,0.5931223690169147,0.3749637511936444,2
0.6875218284331182,0.38095941000033384,0.3237961222726944,0.23031939194436202,0
0.882118617162642,0.496618206016894,0.7167813700508491,0.35617654724961395,1
0.7242461484894951,0.45104481895769655,0.7997604655537789,0.4050006617239139,1
0.7772784786454735,0.37856749545232776,0.7702115766099608,0.3402993458664861,2
0.8490051337180271,0.45178597304551343,0.8499281884841752,0.37952108168512494,0
0.7704801129585269,0.42741231833615034,0.7416346274668469,0.4397811076057008,2
0.8452278922402068,0.4347025305245721,0.8024151949238224,0.5413576023758409,0
0.8657900639445272,0.5383244549617778,0.8134441992374399,0.657891421274006,1
0.8237625360997981,0.4038878519252608,0.7641265772615807,0.3737841109907738,1
0.8778162071505806,0.46683205115251236,0.3724195477849076,0.6003119001051701,2
0.7409700259924887,0.4171587133269303,0.7571284902817303,0.266974262779559,2
0.46289369217447096,0.2965797218256113,0.38559542623874327,0.27369943489464416,0
0.9211871903634319,0.532966657407066,0.7429935283680327,0.32336337314054653,1
0.7974544102544076,0.43051361401087546,0.7958468510987601,0.36193928642169554,1
0.6076837367298134,0.48605766787606614,0.7554084441729001,0.531022705039934,2
0.8217996343829792,0.43853482177117875,0.9129749321931317,0.44846570067185076,0
0.7255076405423093,0.3268713443391166,0.8007869136426758,0.29042521670856225,2
0.8186853803711824,0.4498667323167106,0.8572656855112201,0.374991248196888,0
0.8135142390024119,0.6985037170209241,0.8350048970649437,0.5043826645257489,1
0.9100062378653238,0.4354658561294182,0.8007262456170681,0.5456885412955825,1
0.6869284022098574,0.5199347658137105,0.5541400979175957,0.564798762903222,2
0.8312177564850441,0.2239194208430082,0.6212502190679503,0.25747582198613006,2
0.5742351808077754,0.3505182240867363,0.16811983467556638,0.19197832301323967,0
0.713242427235013,0.5315000325257229,0.7998759976596015,0.4374478257929438,1
0.8562163541413714,0.39473014144534924,0.7022691397491589,0.3894427618751296,1
0.7881184216807937,0.4746262715598609,0.9320468245087623,0.2349214668125587,2
0.8119552036010783,0.4490137499504737,0.833349191458673,0.4121365593267703,0
0.9249006622300252,0.48072050206023853,0.6231333101695192,0.5898517229470521,2
0.929815495374529,0.6979631264460977,0.7847576873525587,0.6284964793426518,0
0.88781289454987,0.6504991211316831,0.8090801652411757,0.4806464498692346,1
0.8884360369204253,0.3743314434290919,0.7441774489694712,0.5365306190031212,1
0.848102440247196,0.6768988591104873,0.7098776135012794,0.293779086100385,2
0.7032952001332713,0.42349251465862026,0.7566811469561698,0.4684921765840665,2
0.7932699930812271,0.36773855604271466,0.46050293183981655,0.2057492465153247,0
0.8257226064451756,0.5174917889616018,0.8066516945187187,0.35128523257189354,1
0.8922914429922755,0.4457493374450948,0.7513194591951678,0.35133225631419385,1
0.7073333725333532,0.4248684143161643,0.5941653723932403,0.2156835514480992,2
0.8753098884725016,0.4597965053290668,0.6444273517068424,0.312488371724713,0
0.7581045790586312,0.6510201064196622,0.5264507934708238,0.5914687909796279,2
0.8388933497239126,0.31557477670097656,0.7345952286338585,0.6002766049925459,0
0.7912590069652639,0.3968743869799312,0.8255604756410339,0.4647600116017988,1
0.8717100021795398,0.4535360546258417,0.800630620340485,0.5181120229047904,1
0.7409767330362618,0.5598066347340159,0.6351808246950394,0.4337702962124885,2
0.6236024032786294,0.3568327902636367,0.6931565514550734,0.3109834778298121,2
0.6191978036101256,0.37369010548311066,0.36289621539680694,0.2360117511548858,0
0.8589313432784595,0.272257454978069,0.6714729333887459,0.43930464215128334,1
0.8382396536696249,0.4267892341444334,0.802670699857214,0.3137525013140408,1
0.8227529431033431,0.4766169385795938,0.5712308426785548,0.5050370218729311,2
0.6676745700747747,0.40663451665332606,0.8126124221083657,0.4388885379534135,0
0.8791566827924802,0.6890393115787553,0.6493274703243099,0.7339431660227101,2
0.7544152017371756,0.5074382020170142,0.5436067985421374,0.49116256186718865,0
0.917396901126231,0.8151482968088206,0.7982949171828095,0.5606446761010196,1
0.8984620722840082,0.4700031920753371,0.6649904230780772,0.39299162868166065,1
0.5294846983079305,0.43511087944703863,0.7031303371931765,0.714008252847325,2
0.80573757479656,0.4550706826654497,0.6385044220198497,0.4290277070429268,2
0.47245759345335675,0.394778830204187,0.3466828950379594,0.15037935169623814,0
0.8463579418920419,0.5023218790828392,0.7876872009553627,0.44370570644181484,1
0.8417407204011658,0.3895801987373214,0.7964574079268538,0.37943568782523385,1
0.8747414831089876,0.5583116081641892,0.7300425810277235,0.36701816869806103,2
0.9258137155327986,0.45729572013094844,0.6607291555132238,0.3373401505248047,0
0.7617606746636102,0.45901868332204343,0.7219078485709596,0.48945499785375807,2
0.9618127559162064,0.609227630809985,0.7298161569167025,0.6919958270929439,0
0.9080841085348318,0.47779696572023883,0.8282983136683968,0.5685617312930761,1
0.8888596982110888,0.44693893794674205,0.7910608366449731,0.34221566330830633,1
0.799268671075539,0.758172962579765,0.5019358651474466,0.18309502590503596,2
0.5619287702948896,0.3683855234082713,0.8076318010255477,0.38845373977963416,2
0.527409027582995,0.2733668104745802,0.18359576434353772,0.2140591445304021,0
0.8295698070507525,0.5552250065682858,0.7979284714797603,0.32652918520328256,1
0.8034416664059959,0.30607601682498764,0.7966318469645384,0.40006110553669644,1
0.782420961116767,0.46123492269452326,0.8830196881209036,0.5259905386690183,2
0.8480313599286229,0.35001350588918556,0.8845568409132714,0.3761717902670192,0
0.6167577127977133,0.6239561269125234,0.6200978326643429,0.531736409531655,2
0.8354465994245,0.47151320070963704,0.7203246666065363,0.47431542991455944,0
0.9267562483843714,0.6390014137163017,0.7453395207541662,0.4932238003813894,1
0.8599764237406976,0.45211875763425724,0.6919108563383053,0.42728239303709264,1
0.8166798551706832,0.5428296647820943,0.7948589099187637,0.5934742938169244,2
0.759848526113879,0.3818622173456672,0.7389825260567998,0.4260843978722043,2
0.4202726778870611,0.4023330348142874,0.41438470309672193,0.24429127096520575,0
0.8549617027108511,0.5501901161362888,0.7749274448801888,0.40422468865053013,1
0.6082365797214028,0.45053300808135216,0.6754965612606929,0.3897681508542524,1
0.6543127246354304,0.4978185176950113,0.7520553349831905,0.4001272475162941,2
0.7912781516408386,0.37061153449772893,0.8769526747175234,0.4289115471915549,0
0.7629749944863804,0.7052159352829296,0.35175498265097904,0.21092713645029731,2
0.7123437988350207,0.31554910167579137,0.7481125146499852,0.6561902615362104,0
0.7266560407762513,0.3803765293394087,0.614355360064114,0.2139840262524788,1
0.8814686676338692,0.3966530517617638,0.7029750830658017,0.47236817508403667,1
0.7579183210897186,0.5721937454664511,0.7599067603381827,0.4909101510015817,2
0.8716255555528583,0.3977464298287638,0.6642840957396168,0.3573411886542091,2
0.7705525097012583,0.2423868593258496,0.43154034613096315,0.25831243921504254,0
0.7324248392964824,0.5506861236710361,0.7998921728350777,0.3438442582978136,1
0.7995500064534664,0.43650046595761577,0.7638664123095279,0.3382095976854994,1
0.6435402276081043,0.48437286381248995,0.753006106987072,0.3797596592772982,2
0.7071028110613842,0.4442567155130027,0.7145648940947456,0.4101422946161496,0
0.6390644538241996,0.6090832181384707,0.7435279302705677,0.4373046055789511,2
0.7905978009552491,0.6676886869811995,0.7698756666218879,0.3667739277706105,0
0.9584486267838981,0.628014593579035,0.8549034960936965,0.4693161096412082,1
0.884881728044901,0.3638820574349443,0.7705589700607252,0.47689888584916396,1
0.7913026439410651,0.5682189013061285,0.33734134097610086,0.5473039036086866,2
0.7556135309579981,0.3659028722742099,0.6987591624407099,0.43610537764308005,2
0.6281426955985058,0.3882297660408745,0.46862406772969883,0.2268516442039246,0
0.8528790193116571,0.3223623796829398,0.5611042393447356,0.43470444912887957,1
0.8747697728902873,0.4339296027855508,0.7914180416204699,0.3923378110089944,1
0.798395967028446,0.2554764396384689,0.8555532000965487,0.46902373033434236,2
0.7423245601057082,0.44724236265691036,0.6983630993410412,0.3412058095676971,0
0.6820485116733465,0.3701963336122855,0.47724648988907054,0.6091287601692021,2
0.9035547867149625,0.6031509955421688,0.7556562905265569,0.27839814274259067,0
0.8072230327391361,0.7194558304176467,0.7545322841450295,0.47356493531855154,1
0.8246924834664621,0.4651344488050559,0.7740311054129733,0.4107791678239519,1
0.8415503474051877,0.5215343734001809,0.5337115248538719,0.6256170562509392,2
0.6771480298528658,0.24464003921974017,0.6626655910240317,0.3943777260255352,2
0.687544280489619,0.24014354910474442,0.38854887654567966,0.257647308508518,0
0.8328725756696468,0.5749405485812535,0.7439857943510564,0.35520829163790396,1
0.8454188046487008,0.4328540225076999,0.7583647959013011,0.3942554530553887,1
0.8654791473582155,0.5235155690935129,0.8276683914866736,0.4323070248362555,2
0.8733714029451911,0.41548091889709804,0.8167424732153911,0.445042743955594,0
0.9417142951563167,0.3114167627132989,0.8016640819509582,0.424341347214214,2
0.7836073983921292,0.572260467810926,0.6792365739283682,0.5870909117281801,0
0.8702880950769372,0.4133292826546785,0.8346592664506209,0.3990719291120364,1
0.9038528126791087,0.4111781829888198,0.6911297969555436,0.5006610323661044,1
0.6886604387469076,0.19677077331288223,0.7238226097533729,0.47924363554553895,2
0.7499522131322116,0.2756067785325803,0.740181923824202,0.25565422154867956,2
0.39048627002325986,0.2512875379896998,0.2832229879654904,0.32212004464382904,0
0.9083680717956687,0.5113190348701601,0.7646005897555507,0.4198641752614598,1
0.9028401291479198,0.4095865327610264,0.7904433520153326,0.39169506725824293,1
0.8596534063539296,0.5007134706090752,0.801116196952266,0.37243845731843184,2
0.898020994299527,0.4476850198231143,0.7111380433451366,0.3480022778921348,0
0.6942679393345842,0.4743640803945212,0.5513525964059163,0.49861871715035233,2
0.8764572441136576,0.7289943159484162,0.7106251068385475,0.41142448291379974,0
0.7780956813515812,0.5568405856569476,0.6418651718146575,0.6432652108841724,1
0.7211776564213205,0.4694182588198449,0.8140722250467001,0.4508321984803183,1
0.8382310900167174,0.5586595813222808,0.40189865207262576,0.6278180001765787,2
0.711107495770238,0.4533396702877411,0.7020489158803781,0.3613503134973911,2
0.49293160116601714,0.3943743816329307,0.244737585401188,0.1942867302346193,0
0.8647727078149257,0.5609633359673876,0.6569884962142336,0.44892973274075554,1
0.85463224017304,0.439387043933674,0.7967885972764513,0.3962900016759882,1
0.8746498030058403,0.42242442247125317,0.7529340961241474,0.546227094626131,2
0.8123222769844064,0.41267976289333363,0.8073516180207345,0.3622298662048561,0
0.893115765267086,0.5662859239815576,0.5757238002516993,0.5277911588232648,2
0.9602568209088809,0.6664830802423263,0.8241043995104943,0.41096982965833007,0
0.8039131753821679,0.6299117222362769,0.7454283946598161,0.7255710488381901,1
0.8514623368611776,0.4531280025414114,0.7404992477876102,0.4630392644469914,1
0.7440958071305666,0.38666639537617575,0.5557309412136615,0.576198703078468,2
0.6143468368471658,0.31934664781003635,0.5962175443106942,0.47461722067006473,2
0.7824291442646005,0.3032657473759021,0.4547279264738712,0.1871669226751926,0
0.8587597491426981,0.4005268572144187,0.7089238747451607,0.406014942381203,1
0.8584455805994659,0.32658346567096763,0.7785531079425246,0.40190364847140353,1
0.8651032908748935,0.4395434360650577,0.8829029989607423,0.4366705091621337,2
0.9029443311804064,0.4437152964264741,0.8269852010257566,0.4142122132911468,0
0.8436677587200938,0.4389742804267812,0.45287056446992346,0.3893563234272111,2
0.9753266842829053,0.7623486122526586,0.785579882942445,0.598410881882256,0
0.9104311983064249,0.3364365564087443,0.7934138871004979,0.5525769743592648,1
0.8573873817198867,0.4581493682865658,0.8171041200953588,0.38157313363012757,1
0.6581969512428292,0.38533519210649264,0.7367587782660044,0.6167791795584419,2
0.5214673843732419,0.4332717626680121,0.7273497094733163,0.4434465539878653,2
0.8455574412036041,0.3285802811162462,0.44309571597411324,0.18908643412810816,0
0.9054286826186051,0.5249207236166729,0.8069869819235685,0.38410487486189115,1
0.8596167009289772,0.3894413692102891,0.5483444854601333,0.39469684845304487,1
0.8444512124467973,0.5190011498115885,0.7222241647088031,0.43031320550514185,2
0.9034329921958796,0.4424608006815126,0.9057913619214968,0.41941097351282863,0
0.6704360995918376,0.7384859409787874,0.6794696067869958,0.5910681180289779,2
0.8397274211110135,0.6367594718718754,0.8245428949813579,0.5792126987653363,0
0.9722634926065233,0.7306414786774401,0.639639574414518,0.3932506980151218,1
0.8233946236667593,0.4056288716486881,0.7900138995375094,0.28628832192183795,1
0.5856085682427234,0.33863736894968866,0.5050624803285196,0.539034991033073,2
0.757157462189486,0.36242892202423727,0.8124718288846006,0.22762059568487697,2
0.645717020479291,0.2716914091057452,0.40692079348392396,0.17696615558931478,0
0.6504090767221116,0.534173750304368,0.782399174584935,0.4234532091708984,1
0.6113830661932067,0.43294193230828043,0.79771985317826,0.3839873503031174,1
0.811808395118462,0.39918970218019,0.8603263572271016,0.30983086686618394,2
0.7408189567649788,0.44106000701155257,0.5856072013611031,0.4252784095934815,0
0.5891359081574135,0.42053875166944626,0.7663699697814534,0.6150664358867883,2
0.8490629115367323,0.3789312710228505,0.7976083835550265,0.4912686007207837,0
0.7692738588690062,0.5628000886267814,0.8338519686495123,0.528423375338291,1
0.8939529962711238,0.4379937114904516,0.7461576126839511,0.4749549891698186,1
0.6123829016557948,0.6667207948829141,0.739187883239012,0.6346141268402204,2
0.8108439312394318,0.28150336965238126,0.7886326966003363,0.29834416032841843,2
0.6730268610455488,0.3126075861390969,0.45867632959843047,0.30713982610678137,0
0.814630551139635,0.3239320287312042,0.7437956578115168,0.3623907014113174,1
0.8222184656709052,0.3720326116097712,0.7803342629514557,0.27984317701511036,1
0.7382817013197958,0.39733613495191533,0.7475049477017119,0.43001587077304515,2
0.8934420654827985,0.4276127874186596,0.6855572909081469,0.3149324717153974,0
0.7283675566906639,0.7600645858961311,0.5760450550324949,0.33969516138284006,2
0.9140250372359782,0.5875148809624626,0.6176452842819259,0.652761765762263,0
0.9308655696592768,0.3719809105246489,0.7472344139033387,0.441585590086504,1
0.8435167576955465,0.4248697201059097,0.638120163102252,0.4985828284117803,1
0.7485749404686461,0.3161732275819275,0.751470587625015,0.5628895308913847,2
0.9012529680847451,0.426617876273992,0.6769848428462368,0.3086990294621659,2
0.7419381539872465,0.2952295920378164,0.45537663686694757,0.24434922703823364,0
0.7808136026139554,0.5791126501995513,0.7372978347822815,0.33615850787986046,1
0.8811895678747863,0.4083731207847532,0.6678439777690927,0.32980977293202884,1
0.8715421019537937,0.36516961768947503,0.8989909998613869,0.47601105682765266,2
0.9226257899621163,0.42948064758534965,0.7524170271832304,0.4180993765245734,0
0.6153317579035846,0.29187632851884004,0.703286163145635,0.6905033563109275,2
0.8021891183773624,0.2721781290929475,0.6387402981081274,0.4733771966863347,0
0.9330649024466351,0.6736537747755842,0.7601171375922402,0.6942085096794139,1
0.5785912006352179,0.44719877649357026,0.7707105245317349,0.531924246714296,1
0.9115970224200569,0.6658006538065868,0.654587405556439,0.47448280929466724,2
0.8374396048876905,0.4592206990071793,0.47287289862097487,0.3440632247000265,2
0.5629916423769876,0.4032508948349611,0.23210001142186498,0.2128946377438221,0
0.9107941686016787,0.5259444597116966,0.7517546985946204,0.4471919184100788,1
0.8184151765342853,0.3614227458969175,0.6674580974706397,0.30375836486387076,1
0.6443354930717347,0.509521157951683,0.6810708771859229,0.5149661148308583,2
0.9077564221924954,0.3705451347858435,0.830485282624259,0.4404503178367425,0
0.9198723466571429,0.6310172768214038,0.675619271496564,0.5053689155263783,2
0.8286199349022954,0.6193319197957629,0.840935837928449,0.197956876847517,0
0.6172366091922112,0.6989978816409748,0.7655148196763674,0.6034701955485429,1
0.889254684316664,0.4298929259106312,0.7568637008235768,0.3885505465789722,1
0.7336907770719246,0.578662999574887,0.5325220399163089,0.38727662057521933,2
0.7958812955283245,0.39283975577003116,0.6936555496526895,0.4246437312151742,2
0.5761234342344383,0.40939461287350387,0.29762602409221595,0.20687178698159098,0
0.7967452404572161,0.44114259194276007,0.7260143337139606,0.3782113974231499,1
0.8593796315800868,0.4191029403914656,0.7744422444835678,0.3831141329083128,1
0.8309793109548959,0.410788589812937,0.5861137933510538,0.24109024519968175,2
0.8929610506573433,0.39412245522148015,0.8213090225274513,0.4389561901856804,0
0.8959725816486541,0.5126707773533736,0.6733866280808012,0.45016980878939566,2
0.8302601972535747,0.7059523533603707,0.8314862253574645,0.413094092290364,0
0.7419568622553792,0.4153853435904791,0.7723803275035692,0.4160766007559066,1
0.885128315847492,0.47475272393961465,0.7020184819040427,0.4566714876671301,1
0.7851906409022982,0.4409946035562807,0.4829121970398076,0.33481375930191737,2
0.8726322044365075,0.3488642757601632,0.729124983876399,0.3523902625944836,2
0.5218162083196309,0.29963041874193336,0.4076940728959425,0.23373638991759313,0
0.8594629842643106,0.35009541103265984,0.7967762142125339,0.407193575376298,1
0.8746324588184733,0.4201224759607464,0.8026330541208915,0.3560768123331203,1
0.7905935968473772,0.4811062925291776,0.675063508158983,0.4695314615054443,2
0.7052667885443966,0.4208125808616872,0.7086761463245949,0.3660006692955292,0
0.5791549263800266,0.6692515484576647,0.3526372571326536,0.511350445602362,2
0.779293882138474,0.3055400838825132,0.6364898033417641,0.6873166022491431,0
0.9279527198718129,0.5975080655540774,0.7830621671821039,0.7103032012337522,1
0.9018445378576593,0.3659538215101112,0.6346060572068044,0.2884041768423419,1
0.8363202262203235,0.3472812595208402,0.7551105862991656,0.327251247956892,2
0.8656109282094587,0.41291225196149867,0.6968335896788805,0.4962988752035871,2
0.6781361298070672,0.4233918261335638,0.44607423785686134,0.27498681679876114,0
0.8450081910230912,0.41815538032006483,0.8017891313570562,0.41427862892578776,1
0.834295738048714,0.43885292668453824,0.7690700456027577,0.40780797631052074,1
0.7909976863881881,0.194767714842282,0.7216870969891783,0.4076108596057766,2
0.8221157296054874,0.3320090558693605,0.7965988312324332,0.3506426881818921,0
0.7027238679671958,0.594052153451373,0.6412444522907692,0.6887285551667073,2
0.9573470403852058,0.3541032283608047,0.8029895335936812,0.5549071161959983,0
0.9403698809810905,0.39705849826176653,0.842527056840286,0.30964285004644837,1
0.8531956176408778,0.3812991762067826,0.6269402996238111,0.35257577661641737,1
0.8329299214870391,0.6528744996451622,0.7667116318928601,0.47839684768616075,2
0.6318686069703535,0.3693498351242011,0.7016124651728494,0.4098423610832215,2
0.5714022746508782,0.3653158730029839,0.24579485402031714,0.28364525895742937,0
0.8382936702276358,0.3622888862666835,0.729805996080201,0.36173283042421933,1
0.9023942317733228,0.41008222621409846,0.7646672384146772,0.3005120726363062,1
0.8405512148503022,0.39394427804197973,0.7650758855009432,0.37517842210794994,2
0.874407583372042,0.36091166198490265,0.8639336100893215,0.38412824508893695,0
0.6822588521247914,0.4815781368372922,0.8597801910748584,0.7030304192828728,2
0.857931890782553,0.22584010381227526,0.7689222380481888,0.39871872066573144,0
0.9590889606510367,0.6328178045238987,0.7070442457803684,0.4586406393717381,1
0.8618102093265153,0.46624740830628486,0.7553326014433117,0.2982128263357278,1
0.9524865104577213,0.5386768162199373,0.6820319628550364,0.23355146905477683,2
0.8137328202228694,0.3229256073006823,0.6908364413306367,0.26095552986396475,2
0.7831205271249324,0.4288101286978598,0.28912677262098396,0.2067644140661769,0
0.7751880401029867,0.3617898669962831,0.6763528131550004,0.36921346252881093,1
0.7985218506910798,0.3947614465399004,0.7051958643699766,0.4075961457145737,1
0.7112741085903029,0.48936270387631964,0.7581713016543561,0.452686383263114,2
0.7570003219793855,0.4183900281114219,0.7440449333933724,0.42865478398257423,0
0.7894078835391886,0.5747519635134041,0.8305711430901014,0.24782046525134302,2
0.9694227340665418,0.25959325987105153,0.5788520410457118,0.25819373655518524,0
0.8514756244733306,0.7244581922323362,0.7638149331119224,0.2759855768277619,1
0.8635442078077685,0.4705950752522586,0.7368199223814538,0.4381226679198051,1
0.703017041149086,0.672509631178261,0.5283638889518838,0.4956413654823233,2
0.7505214796494841,0.26374120704480275,0.6599705714858306,0.37021233087624683,2
0.8189646678412503,0.3689900888965237,0.24238174997574907,0.20186460587694782,0
0.9324235088763034,0.4691278224753209,0.7684601542468864,0.3985425602463462,1
0.8269635793880366,0.3970738468679599,0.7272529695458565,0.38332617210523073,1
0.7915206227492703,0.4247606193074105,0.4751663682878296,0.49010081958830476,2
0.6939829947308315,0.45637231055691013,0.8271043122803486,0.37991996320410687,0
0.6935564858903183,0.5664783664125691,0.7069013356452282,0.31426745963712716,2
0.8691377389424261,0.6734712165603479,0.6605725991774072,0.5213820937396226,0
0.7760239618941969,0.7163781533908025,0.766553246588262,0.5413773326298263,1
0.8295024441136718,0.4571955592613949,0.8132213562332425,0.4899450959784746,1
0.7093536767586677,0.5506250279331784,0.7360507041514072,0.37987619496623737,2
0.8029161494871896,0.40538195612474853,0.7109498642509758,0.2325757431293463,2
0.7464104780994508,0.2775240894070424,0.39389352965595864,0.2522380080833445,0
0.7797317097463691,0.5738884115282709,0.7919904659246576,0.27228021841958366,1
0.9060910711894842,0.40739968998003295,0.6588318601915127,0.3936145421655615,1
0.7855483865304059,0.315925249068644,0.714259022520062,0.4392548735238059,2
0.922376873894773,0.45755878954520524,0.6939102419635397,0.3630319765490633,0
0.691743428934942,0.36277862686003903,0.6290936585069813,0.6162948071791305,2
0.9437442346833627,0.7254035616819355,0.729037389662158,0.45459129222633227,0
0.9588009583259125,0.524385753029008,0.7376991052558548,0.5153870036683729,1
0.9091035062870233,0.39387912782936646,0.7874656562039877,0.47598377752326415,1
0.8712215961350542,0.3111214197754857,0.6261737499324953,0.3886653677836251,2
0.7110744462471398,0.4763020265737939,0.6271059972468613,0.3563444474452474,2
0.3527085402149449,0.41357753339200326,0.3875334966386248,0.1752201547321502,0
0.8890470876559938,0.31719329169571897,0.8044897386013975,0.41037006528563613,1
0.769669118528309,0.3931054240526789,0.7979099534345586,0.39247051533552674,1
0.8894699094037827,0.3706820091415002,0.657305888304644,0.3696642462990062,2
0.9210869871831967,0.3941177143784991,0.8496735369202012,0.37418512441143303,0
0.7571085285724203,0.59053530481832,0.7781704714388047,0.6469071975117694,2
0.8951238372079756,0.6608327449930175,0.771282490653532,0.7192190665901065,0
0.8889414828372372,0.39253153230499205,0.8356938697021279,0.5410699437594532,1
0.869742763493209,0.4708979262110796,0.7758973227837559,0.37082246187621815,1
0.6508702289206467,0.42947278463049854,0.6888303238374045,0.48039047212769465,2
0.8014375807409189,0.36295253571524183,0.6199937203843313,0.39229579200011866,2
0.6179290746302337,0.32596355376222846,0.2869468093447429,0.29217527700903273,0
0.6522937071109485,0.539406862117792,0.8021527374533923,0.28501164758844566,1
0.9132247820273329,0.4192911606750702,0.67971625304981,0.40741665460372123,1
0.8248104177332712,0.5023830854854425,0.6642184882179984,0.38299930542977956,2
0.8133184457818032,0.3922657448834922,0.6961666893015214,0.41952504202553825,0
0.6859240704830649,0.707127685195967,0.7120147487985702,0.15568529082942073,2
0.9363434484373351,0.38772260197103015,0.8441084335946818,0.5393796765863129,0
0.9289360174365818,0.513252708100386,0.6897152195761639,0.3822036195129687,1
0.7645561471703842,0.44538504989852296,0.7683618312769436,0.2685127797411396,1
0.8047765897905212,0.5671269893384021,0.5481413831350126,0.5559610079768944,2
0.6640613605807905,0.4202895045747538,0.5281574162452503,0.35321437519219556,2
0.6527902318714721,0.32985502519222465,0.232668122292979,0.18694529560730905,0
0.8587772045768448,0.5586287746563742,0.7666833850897377,0.392772037682504,1
0.8630684175542817,0.44187095798906645,0.6882744307279489,0.3597067515715654,1
0.7891808523739811,0.5031672893661345,0.7112314505121301,0.4884973742775065,2
0.9122669680529559,0.4561628899349859,0.8434898055535281,0.4375664193826978,0
0.9110781522497885,0.5363797255264993,0.5825223738408389,0.525009731118242,2
0.8873066976203758,0.544199196184602,0.69722903334515,0.5573196944287951,0
0.9080421790173616,0.6174843015596169,0.722965110963742,0.6671786884416053,1
0.8002992425211712,0.431662749112416,0.6644586964255226,0.5051417725304541,1
0.7071239291447307,0.31770152813759633,0.5004971425138052,0.6401561322620225,2
0.5769108754302698,0.348446654593779,0.7068511416053089,0.43670420102227675,2
0.8437474198249291,0.2732842118117913,0.473485743662838,0.30089379629811125,0
0.919443302501989,0.5288655843113983,0.8053484433650085,0.40580910595562675,1
0.7504598804571035,0.44699268008375104,0.7002255911575501,0.3875071705427333,1
0.9284198202757399,0.4137018604654151,0.704325976516927,0.3770986933591557,2
0.9310215866527054,0.4078948393048377,0.8347765329178141,0.43865193644504,0
0.8312786998991027,0.603269045442441,0.4927413191988569,0.25279811484489345,2
0.7590024653143649,0.5502174777838744,0.645926665325235,0.21078189577425238,0
0.9002000073301057,0.3807848871956416,0.7462518991637446,0.5595503602936407,1
0.904110746288364,0.3696683444932604,0.8052590749544968,0.4587565894960204,1
0.7148797041927927,0.759671170651587,0.702427335194571,0.6103140801693252,2
0.5086223277044524,0.42681338281514164,0.6881840437648359,0.400747556421352,2
0.6393335209195727,0.29285268890579835,0.30393037276352797,0.2445231726206199,0
0.5641024585752555,0.3111949175758767,0.707182085513845,0.3501998684441384,1
0.8729810472689161,0.33296042439543183,0.7825654838424623,0.3994433453557928,1
0.8327491045958624,0.41765977743048155,0.8093450885684788,0.18797862049990166,2
0.8767177867568949,0.43828851060303686,0.665519722574989,0.38532267775856177,0
0.6731011730048787,0.24260759428866507,0.62756395146824,0.43581038786392123,2
0.9007665345407264,0.6931345994597147,0.7292792051673166,0.44983382970523506,0
0.8199593402473815,0.6733532315850784,0.6788368720824318,0.5672794297806119,1
0.8864426461739001,0.43110826999366275,0.7774320938580814,0.41659892609485283,1
0.7277625214314049,0.6393931315055613,0.7021648362119369,0.5386815180414193,2
0.6833807517240839,0.4160391735085756,0.513302867195305,0.26977984450551473,2
0.6996731928742239,0.34800636371213056,0.23426274378791775,0.2302983178264049,0
0.8625124780841302,0.5704501450748455,0.7590047166826415,0.4166036578796699,1
0.875569677138405,0.44876897556484946,0.745860658433773,0.40126900164237156,1
0.8200488375396389,0.3316039430431149,0.8278194396765592,0.5919925623037201,2
0.8928189536808322,0.44957275937457813,0.6323363963021046,0.4199938310691129,0
0.7801099412410617,0.726321795238458,0.6337987633791244,0.527614233626428,2
0.6694706808278986,0.6800780216054746,0.8606751940612413,0.6113091221770796,0
0.6818924018684764,0.4445041427483054,0.6010295669486668,0.5937251533052118,1
0.9128557399562428,0.45931237152409965,0.5179934196045004,0.492879454438659,1
0.7608647604588556,0.6930060497370959,0.6343800627880953,0.39904880574858603,2
0.5627321493726333,0.35316581635704836,0.6325963914706264,0.5055946982119803,2
0.644849454381512,0.4031171721858077,0.263645645245313,0.27070655709804636,0
0.9280238605223524,0.4813741096520757,0.7744236178546633,0.40991115160431824,1
0.8454242676599688,0.4243168401266073,0.7158914741504243,0.4022975295709648,1
0.4568121402564183,0.4905532673788962,0.8282081815332899,0.30448058479182116,2
0.8141300348316285,0.41994228119531185,0.7306109859663613,0.35474886840156716,0
0.6311297272869962,0.517638717146981,0.6266433711014496,0.6709189391491036,2
0.6671567508843602,0.6631705156585731,0.7024431580383323,0.2727736258888641,0
0.9292454906559633,0.6054218623241914,0.7169017287886872,0.4120859500413228,1
0.7911556682235155,0.4249751360748276,0.8264579656107578,0.4567497798157064,1
0.5410342509659344,0.5222338361701837,0.5987725663613969,0.3977383130393181,2
0.7262587677508824,0.20638128930409,0.6392888971126105,0.3375781776200694,2
